Title;Image;Price;Number;Availability
California Gold Nutrition, L-Glutamine Powder, AjiPure, Gluten Free, 16 oz (454 g);https://cloudinary.images-iherb.com/image/upload/f_auto,q_auto:eco/images/cgn/cgn01060/u/29.jpg;$11.04;CGN-01060;+
Sports Research, Vitamin D3 + K2, Plant Based, 60 Veggie Softgels;https://cloudinary.images-iherb.com/image/upload/f_auto,q_auto:eco/images/sre/sre01134/u/22.jpg;$17.22;SRE-01134;+
Nature's Way, Chlorofresh, Liquid Chlorophyll, Mint, 132 mg, 16 fl oz (473.2 ml);https://cloudinary.images-iherb.com/image/upload/f_auto,q_auto:eco/images/nwy/nwy03501/u/34.jpg;$13.42;NWY-03501;-
Thorne Research, Basic Nutrients 2/Day, 60 Capsules;https://cloudinary.images-iherb.com/image/upload/f_auto,q_auto:eco/images/thr/thr00684/u/26.jpg;$29.00;THR-00684;+
21st Century, Quick Dissolve Melatonin, Cherry Flavor, 10 mg, 120 Tablets;https://cloudinary.images-iherb.com/image/upload/f_auto,q_auto:eco/images/cen/cen27503/u/31.jpg;$8.23;CEN-27503;+
NOW Foods, Sunflower Lecithin, 1,200 mg, 200 Softgels;https://cloudinary.images-iherb.com/image/upload/f_auto,q_auto:eco/images/now/now02313/u/17.jpg;$13.55;NOW-02313;+
NOW Foods, Omega-3, 180 EPA /120 DHA, 200 Softgels;https://cloudinary.images-iherb.com/image/upload/f_auto,q_auto:eco/images/now/now01652/u/46.jpg;$12.62;NOW-01652;+
21st Century, Potassium Gluconate, 595 mg, 110 Tablets;https://cloudinary.images-iherb.com/image/upload/f_auto,q_auto:eco/images/cen/cen21387/u/33.jpg;$2.92;CEN-21387;+
Life Extension, Neuro-Mag, Magnesium L-Threonate, 90 Vegetarian Capsules;https://cloudinary.images-iherb.com/image/upload/f_auto,q_auto:eco/images/lex/lex16039/u/212.jpg;$30.28;LEX-16039;+
NOW Foods, L-Cysteine, 500 mg, 100 Tablets;https://cloudinary.images-iherb.com/image/upload/f_auto,q_auto:eco/images/now/now00077/u/33.jpg;$11.50;NOW-00077;+
EVLution Nutrition, LeanMode, 150 Veggie Capsules;https://cloudinary.images-iherb.com/image/upload/f_auto,q_auto:eco/images/evl/evl24071/u/47.jpg;$21.97;EVL-24071;+
NOW Foods, Calcium & Magnesium, 250 Tablets;https://cloudinary.images-iherb.com/image/upload/f_auto,q_auto:eco/images/now/now01272/u/46.jpg;$17.78;NOW-01272;+
NOW Foods, Vitamin D-3, 250 mcg (10,000 IU), 240 Softgels;https://cloudinary.images-iherb.com/image/upload/f_auto,q_auto:eco/images/now/now00385/u/8.jpg;$11.60;NOW-00385;+
Solaray, Vitamin D3 + K2, 120 VegCaps;https://cloudinary.images-iherb.com/image/upload/f_auto,q_auto:eco/images/sor/sor57445/u/66.jpg;$18.36;SOR-57445;+
ChildLife, Vitamin D3, Natural Berry Flavor, 1 fl oz (30 ml);https://cloudinary.images-iherb.com/image/upload/f_auto,q_auto:eco/images/cdl/cdl10900/u/34.jpg;$5.85;CDL-10900;+
Thorne Research, Magnesium CitraMate, 90 Capsules;https://cloudinary.images-iherb.com/image/upload/f_auto,q_auto:eco/images/thr/thr27202/u/25.jpg;$16.00;THR-27202;+
NOW Foods, Maca, Raw, 750 mg, 90 Veg Capsules;https://cloudinary.images-iherb.com/image/upload/f_auto,q_auto:eco/images/now/now04777/u/31.jpg;$11.65;NOW-04777;+
California Gold Nutrition, Astaxanthin, Astaliff® Pure Icelandic, 12 mg, 120 Veggie Softgels;https://cloudinary.images-iherb.com/image/upload/f_auto,q_auto:eco/images/cgn/cgn01104/u/93.jpg;$21.50;CGN-01104;+
ChildLife, Essentials, Liquid Vitamin C, Natural Orange, 4 fl oz (118.5 ml);https://cloudinary.images-iherb.com/image/upload/f_auto,q_auto:eco/images/cdl/cdl10200/u/73.jpg;$7.84;CDL-10200;+
NOW Foods, Vitamin D-3 , 50 mcg (2,000 IU), 240 Softgels;https://cloudinary.images-iherb.com/image/upload/f_auto,q_auto:eco/images/now/now00377/u/10.jpg;$7.33;NOW-00377;+
NOW Foods, C-1000, 250 Tablets;https://cloudinary.images-iherb.com/image/upload/f_auto,q_auto:eco/images/now/now00682/u/23.jpg;$19.30;NOW-00682;+
Nature's Way, Alive! Men's Ultra Potency Complete Multivitamin, 60 Tablets;https://cloudinary.images-iherb.com/image/upload/f_auto,q_auto:eco/images/nwy/nwy15685/u/97.jpg;$19.16;NWY-15685;+
Thorne Research, Basic B Complex, 60 Capsules;https://cloudinary.images-iherb.com/image/upload/f_auto,q_auto:eco/images/thr/thr10403/u/38.jpg;$24.00;THR-10403;+
ChildLife, Essentials, Echinacea, Natural Orange Flavor, 1 fl oz (30 ml);https://cloudinary.images-iherb.com/image/upload/f_auto,q_auto:eco/images/cdl/cdl10100/u/43.jpg;$6.28;CDL-10100;+
NOW Foods, Potassium Citrate, 99 mg, 180 Veg Capsules;https://cloudinary.images-iherb.com/image/upload/f_auto,q_auto:eco/images/now/now01448/u/10.jpg;$8.51;NOW-01448;+
NOW Foods, Glutathione, 500 mg, 30 Veg Capsules;https://cloudinary.images-iherb.com/image/upload/f_auto,q_auto:eco/images/now/now00175/u/14.jpg;$14.65;NOW-00175;+
Doctor's Best, Vitamin D3, 125 mcg (5,000 IU), 180 Softgels;https://cloudinary.images-iherb.com/image/upload/f_auto,q_auto:eco/images/drb/drb00218/u/134.jpg;$6.48;DRB-00218;+
Jarrow Formulas, Women's Fem Dophilus, 60 Veggie Caps;https://cloudinary.images-iherb.com/image/upload/f_auto,q_auto:eco/images/jrw/jrw03042/u/60.jpg;$20.55;JRW-03042;+
California Gold Nutrition, L-Glutathione (Reduced), 500 mg, 120 Veggie Capsules;https://cloudinary.images-iherb.com/image/upload/f_auto,q_auto:eco/images/cgn/cgn01898/u/26.jpg;$35.00;CGN-01898;+
NOW Foods, B-50, 250 Veg Capsules;https://cloudinary.images-iherb.com/image/upload/f_auto,q_auto:eco/images/now/now00422/u/39.jpg;$25.06;NOW-00422;+
21st Century, Vitamin E, 180 mg (400 IU), 110 Softgels;https://cloudinary.images-iherb.com/image/upload/f_auto,q_auto:eco/images/cen/cen21245/u/15.jpg;$6.12;CEN-21245;+
California Gold Nutrition, French Grape Seed Extract, VitaFlavan, 100 mg, 120 Veggie Capsules;https://cloudinary.images-iherb.com/image/upload/f_auto,q_auto:eco/images/cgn/cgn01194/u/101.jpg;$8.50;CGN-01194;+
California Gold Nutrition, Total Veggie Joint Supporting Formula, 90 Veggie Capsules;https://cloudinary.images-iherb.com/image/upload/f_auto,q_auto:eco/images/cgn/cgn01156/u/74.jpg;$16.00;CGN-01156;+
Nature's Way, Chlorofresh, Liquid Chlorophyll, Unflavored, 16 fl oz (480 ml);https://cloudinary.images-iherb.com/image/upload/f_auto,q_auto:eco/images/nwy/nwy03502/u/34.jpg;$13.44;NWY-03502;+
Six Star, Elite Series, Testosterone Booster, 60 Caplets;https://cloudinary.images-iherb.com/image/upload/f_auto,q_auto:eco/images/msc/msc60311/u/26.jpg;$10.94;MSC-60311;+
Sports Research, Omega-3 Fish Oil, Triple Strength , 30 Softgels;https://cloudinary.images-iherb.com/image/upload/f_auto,q_auto:eco/images/sre/sre09152/u/8.jpg;$9.96;SRE-09152;+
NOW Foods, Maca, 500 mg, 250 Veg Capsules;https://cloudinary.images-iherb.com/image/upload/f_auto,q_auto:eco/images/now/now04762/u/33.jpg;$14.02;NOW-04762;+
NaturesPlus, Hema-Plex, 60 Fast-Acting Softgels;https://cloudinary.images-iherb.com/image/upload/f_auto,q_auto:eco/images/nap/nap37691/u/72.jpg;$7.48;NAP-37691;+
NOW Foods, GABA with Vitamin B-6, 500 mg, 100 Veg Capsules;https://cloudinary.images-iherb.com/image/upload/f_auto,q_auto:eco/images/now/now00087/u/35.jpg;$8.42;NOW-00087;+
Doctor's Best, Glucosamine Chondroitin MSM with OptiMSM, 360 Veggie Capsules;https://cloudinary.images-iherb.com/image/upload/f_auto,q_auto:eco/images/drb/drb00364/u/68.jpg;$36.35;DRB-00364;-
Youtheory, Collagen, 1,000 mg, 290 Tablets;https://cloudinary.images-iherb.com/image/upload/f_auto,q_auto:eco/images/you/you00303/u/40.jpg;$16.99;YOU-00303;+
NOW Foods, Zinc Picolinate, 50 mg, 120 Veg Capsules;https://cloudinary.images-iherb.com/image/upload/f_auto,q_auto:eco/images/now/now01552/u/34.jpg;$10.67;NOW-01552;+
NOW Foods, NAC, 600 mg, 100 Veg Capsules;https://cloudinary.images-iherb.com/image/upload/f_auto,q_auto:eco/images/now/now00085/u/14.jpg;$13.76;NOW-00085;+
21st Century, Vitamin C, 1,000 mg, 60 Tablets;https://cloudinary.images-iherb.com/image/upload/f_auto,q_auto:eco/images/cen/cen28013/u/34.jpg;$3.78;CEN-28013;+
Nature's Way, Alive! Kid's Chewable Multivitamin, Orange & Berry, 120 Chewable Tablets;https://cloudinary.images-iherb.com/image/upload/f_auto,q_auto:eco/images/nwy/nwy15786/u/81.jpg;$13.42;NWY-15786;+
ChildLife, Liquid Calcium with Magnesium, Natural Orange Flavor, 16 fl oz (474 ml);https://cloudinary.images-iherb.com/image/upload/f_auto,q_auto:eco/images/cdl/cdl10700/u/31.jpg;$19.02;CDL-10700;+
NOW Foods, Magnesium Caps, 400 mg, 180 Veg Capsules;https://cloudinary.images-iherb.com/image/upload/f_auto,q_auto:eco/images/now/now01283/u/28.jpg;$12.79;NOW-01283;+
NOW Foods, Acetyl-L-Carnitine, 500 mg, 100 Veg Capsules;https://cloudinary.images-iherb.com/image/upload/f_auto,q_auto:eco/images/now/now00076/u/35.jpg;$15.02;NOW-00076;+
NOW Foods, Certified Organic Inulin, Prebiotic Pure Powder, 8 oz (227 g);https://cloudinary.images-iherb.com/image/upload/f_auto,q_auto:eco/images/now/now02944/u/38.jpg;$10.55;NOW-02944;+
California Gold Nutrition, Bee Propolis 2X, Concentrated Extract, 500 mg, 90 Veggie Caps;https://cloudinary.images-iherb.com/image/upload/f_auto,q_auto:eco/images/cgn/cgn00945/u/76.jpg;$3.78;CGN-00945;+
MRM, Quercetin, 60 Vegan Capsules;https://cloudinary.images-iherb.com/image/upload/f_auto,q_auto:eco/images/mrm/mrm54020/u/33.jpg;$16.18;MRM-54020;+
NOW Foods, E-400 with Mixed Tocopherols, 268 mg (400 IU), 250 Softgels;https://cloudinary.images-iherb.com/image/upload/f_auto,q_auto:eco/images/now/now00894/u/23.jpg;$27.46;NOW-00894;+
Life Extension, Bone Restore with Vitamin K2, 120 Capsules;https://cloudinary.images-iherb.com/image/upload/f_auto,q_auto:eco/images/lex/lex17271/u/107.jpg;$14.64;LEX-17271;+
Nature's Way, Alive! Women's Premium Gummies, Multivitamin, 75 Gummies;https://cloudinary.images-iherb.com/image/upload/f_auto,q_auto:eco/images/nwy/nwy15897/u/37.jpg;$14.88;NWY-15897;+
Doctor's Best, Pure Collagen Types 1 and 3 Powder, 7.1 oz (200 g);https://cloudinary.images-iherb.com/image/upload/f_auto,q_auto:eco/images/drb/drb00203/u/110.jpg;$10.62;DRB-00203;+
Nordic Naturals, Children's DHA, Ages 1-6, Strawberry, 530 mg, 4 fl oz (119 ml);https://cloudinary.images-iherb.com/image/upload/f_auto,q_auto:eco/images/nor/nor56780/u/45.jpg;$14.72;NOR-56780;+
NutriBiotic, Vegan GSE Grapefruit Seed Extract, Liquid Concentrate, 2 fl oz (59 ml);https://cloudinary.images-iherb.com/image/upload/f_auto,q_auto:eco/images/nbc/nbc01000/u/20.jpg;$8.14;NBC-01000;+
MRM, Organic Moringa Powder, 8.5 oz (240 g);https://cloudinary.images-iherb.com/image/upload/f_auto,q_auto:eco/images/mrm/mrm80003/u/15.jpg;$10.62;MRM-80003;+
Bioglan, Kids Smart, Hi DHA-Omega 3 Fish Oil, Great Tasting Fruit Flavor, 30 Chewable Burstlets;https://cloudinary.images-iherb.com/image/upload/f_auto,q_auto:eco/images/bgl/bgl80505/u/53.jpg;$8.50;BGL-80505;+
Vital Proteins, Collagen Peptides, Unflavored, 10 oz (284 g);https://cloudinary.images-iherb.com/image/upload/f_auto,q_auto:eco/images/vtp/vtp00509/u/21.jpg;$25.84;VTP-00509;+
NOW Foods, Glucosamine & Chondroitin with MSM, 90 Capsules;https://cloudinary.images-iherb.com/image/upload/f_auto,q_auto:eco/images/now/now03170/u/8.jpg;$15.22;NOW-03170;+
Solaray, Timed Release Vitamin C with Rose Hips & Acerola, 1,000 mg, 250 VegCaps;https://cloudinary.images-iherb.com/image/upload/f_auto,q_auto:eco/images/sor/sor04451/u/31.jpg;$21.17;SOR-04451;+
Dr. Mercola, Liposomal Vitamin C, 500 mg, 60 Capsules;https://cloudinary.images-iherb.com/image/upload/f_auto,q_auto:eco/images/mcl/mcl01499/u/27.jpg;$19.40;MCL-01499;+
Doctor's Best, Extra Strength Ginkgo, 120 mg, 360 Veggie Caps;https://cloudinary.images-iherb.com/image/upload/f_auto,q_auto:eco/images/drb/drb00273/u/53.jpg;$22.86;DRB-00273;-
Sambucol, Black Elderberry Syrup, For Kids, Berry Flavor, 7.8 fl oz (230 ml);https://cloudinary.images-iherb.com/image/upload/f_auto,q_auto:eco/images/sbl/sbl00121/u/48.jpg;$23.16;SBL-00121;+
NOW Foods, Astaxanthin, 4 mg, 60 Veggie Softgels;https://cloudinary.images-iherb.com/image/upload/f_auto,q_auto:eco/images/now/now03251/u/30.jpg;$9.82;NOW-03251;+
Naturade, Total Soy, Weight Loss Shake, Chocolate, 1.2 lb (540 g);https://cloudinary.images-iherb.com/image/upload/f_auto,q_auto:eco/images/nad/nad02317/u/33.jpg;$17.86;NAD-02317;+
FutureBiotics, Vitamin K2 + D3 with Vitamin K2 as MK-7, 120 Capsules;https://cloudinary.images-iherb.com/image/upload/f_auto,q_auto:eco/images/fbs/fbs50070/u/24.jpg;$12.36;FBS-50070;+
Life Extension, Super R-Lipoic Acid, 240 mg, 60 Vegetarian Capsules;https://cloudinary.images-iherb.com/image/upload/f_auto,q_auto:eco/images/lex/lex12086/u/56.jpg;$31.66;LEX-12086;+
Enzymedica, Digest Basic, Essential Enzyme Formula, 90 Capsules;https://cloudinary.images-iherb.com/image/upload/f_auto,q_auto:eco/images/enz/enz29010/u/13.jpg;$13.77;ENZ-29010;-
Nature's Way, Organic MCT Oil, 16 fl oz (480 ml);https://cloudinary.images-iherb.com/image/upload/f_auto,q_auto:eco/images/nwy/nwy10895/u/71.jpg;$19.75;NWY-10895;+
Source Naturals, Broccoli Sprouts Extract, 250 mg, 60 Tablets;https://cloudinary.images-iherb.com/image/upload/f_auto,q_auto:eco/images/sns/sns01104/u/60.jpg;$12.65;SNS-01104;+
NOW Foods, Liquid Chlorophyll, Natural Mint , 16 fl oz (473 ml);https://cloudinary.images-iherb.com/image/upload/f_auto,q_auto:eco/images/now/now02644/u/46.jpg;$18.14;NOW-02644;-
21st Century, Melatonin, 5 mg, 120 Tablets;https://cloudinary.images-iherb.com/image/upload/f_auto,q_auto:eco/images/cen/cen27087/u/13.jpg;$6.68;CEN-27087;+
NOW Foods, Lutein & Zeaxanthin, 60 Softgels;https://cloudinary.images-iherb.com/image/upload/f_auto,q_auto:eco/images/now/now03064/u/19.jpg;$17.02;NOW-03064;+
NOW Foods, B-50, 100 Veg Capsules;https://cloudinary.images-iherb.com/image/upload/f_auto,q_auto:eco/images/now/now00420/u/44.jpg;$11.99;NOW-00420;+
Purely Inspired, Garcinia Cambogia+, 120 Easy-to-Swallow Veggie Caplets;https://cloudinary.images-iherb.com/image/upload/f_auto,q_auto:eco/images/ply/ply60476/u/50.jpg;$10.55;PLY-60476;+
NOW Foods, Magtein, Magnesium L-Threonate, 90 Veg Capsules;https://cloudinary.images-iherb.com/image/upload/f_auto,q_auto:eco/images/now/now02390/u/11.jpg;$26.98;NOW-02390;+
Solaray, Timed Release Vitamin C, With Rose Hip & Acerola, 1,000 mg, 100 Tablets;https://cloudinary.images-iherb.com/image/upload/f_auto,q_auto:eco/images/sor/sor04453/u/38.jpg;$9.21;SOR-04453;+
Solaray, High Absorption Magnesium Glycinate, 350 mg, 120 VegCaps;https://cloudinary.images-iherb.com/image/upload/f_auto,q_auto:eco/images/sor/sor54901/u/8.jpg;$12.43;SOR-54901;+
California Gold Nutrition, Children's DHA Chewables, 100% Wild Arctic Cod, Strawberry-Lemon Flavor, 180 Fish Gelatin Softgels;https://cloudinary.images-iherb.com/image/upload/f_auto,q_auto:eco/images/cgn/cgn01098/u/130.jpg;$5.00;CGN-01098;-
Doctor's Best, PepZin GI, Zinc-L-Carnosine Complex, 120 Veggie Caps;https://cloudinary.images-iherb.com/image/upload/f_auto,q_auto:eco/images/drb/drb00136/u/50.jpg;$18.14;DRB-00136;-
California Gold Nutrition, Magnesium Bisglycinate, 60 Veggie Capsules;https://cloudinary.images-iherb.com/image/upload/f_auto,q_auto:eco/images/cgn/cgn01901/u/1.jpg;$4.00;CGN-01901;+
KAL, Magnesium Taurate +, 200 mg, 90 Tablets;https://cloudinary.images-iherb.com/image/upload/f_auto,q_auto:eco/images/cal/cal36975/u/83.jpg;$11.03;CAL-36975;+
KAL, High Absorption Magnesium Glycinate 350, 160 VegCaps;https://cloudinary.images-iherb.com/image/upload/f_auto,q_auto:eco/images/cal/cal39022/u/8.jpg;$14.99;CAL-39022;+
Jarrow Formulas, Zinc Balance, 100 Veggie Caps;https://cloudinary.images-iherb.com/image/upload/f_auto,q_auto:eco/images/jrw/jrw13008/u/42.jpg;$8.18;JRW-13008;+
Natrol, Biotin, Maximum Strength, Strawberry, 10,000 mcg, 60 Tablets;https://cloudinary.images-iherb.com/image/upload/f_auto,q_auto:eco/images/ntl/ntl06885/u/24.jpg;$7.38;NTL-06885;+
KAL, Magnesium Malate 400, 90 Tablets;https://cloudinary.images-iherb.com/image/upload/f_auto,q_auto:eco/images/cal/cal81309/u/105.jpg;$7.51;CAL-81309;+
Fairhaven Health, Myo-Inositol, For Women and Men, 120 Capsules;https://cloudinary.images-iherb.com/image/upload/f_auto,q_auto:eco/images/fhh/fhh00075/u/27.jpg;$22.32;FHH-00075;-
Doctor's Best, Natural Vitamin K2 MK-7 with MenaQ7, 100 mcg, 60 Veggie Caps;https://cloudinary.images-iherb.com/image/upload/f_auto,q_auto:eco/images/drb/drb00334/u/53.jpg;$10.96;DRB-00334;+
Thorne Research, Zinc Picolinate, 15 mg, 60 Capsules;https://cloudinary.images-iherb.com/image/upload/f_auto,q_auto:eco/images/thr/thr21002/u/21.jpg;$11.00;THR-21002;+
ChildLife, Essentials, Multi Vitamin & Mineral, Natural Orange/Mango, 8 fl oz (237 ml);https://cloudinary.images-iherb.com/image/upload/f_auto,q_auto:eco/images/cdl/cdl10300/u/45.jpg;$14.73;CDL-10300;+
Carlson Labs, Wild Caught, Super Omega-3 Gems, 600 mg, 100 + 30 Soft Gels;https://cloudinary.images-iherb.com/image/upload/f_auto,q_auto:eco/images/car/car01524/u/31.jpg;$17.24;CAR-01524;+
Natural Factors, Zinc Chelate, 25 mg, 90 Tablets;https://cloudinary.images-iherb.com/image/upload/f_auto,q_auto:eco/images/nfs/nfs01683/u/20.jpg;$3.20;NFS-01683;+
Sports Research, Collagen Peptides, Hydrolyzed Type I & III Collagen, Unflavored, 16 oz (454 g);https://cloudinary.images-iherb.com/image/upload/f_auto,q_auto:eco/images/sre/sre01018/u/32.jpg;$26.92;SRE-01018;+
NOW Foods, Certified Organic Spirulina, 500 mg, 500 Tablets;https://cloudinary.images-iherb.com/image/upload/f_auto,q_auto:eco/images/now/now02700/u/43.jpg;$17.96;NOW-02700;+
NOW Foods, Ultra Omega-3, 500 EPA / 250 DHA, 180 Enteric Coated Softgels;https://cloudinary.images-iherb.com/image/upload/f_auto,q_auto:eco/images/now/now01662/u/38.jpg;$21.10;NOW-01662;+
NaturesPlus, Hema-Plex, 30 Slow-Release Tablets;https://cloudinary.images-iherb.com/image/upload/f_auto,q_auto:eco/images/nap/nap03770/u/109.jpg;$8.63;NAP-03770;+
California Gold Nutrition, Astaxanthin, Astaliff® Pure Icelandic, 12 mg, 30 Veggie Softgels;https://cloudinary.images-iherb.com/image/upload/f_auto,q_auto:eco/images/cgn/cgn01103/u/156.jpg;$6.50;CGN-01103;+
California Gold Nutrition, Gold C, Vitamin C, 1,000 mg, 240 Veggie Capsules;https://cloudinary.images-iherb.com/image/upload/f_auto,q_auto:eco/images/cgn/cgn00932/u/102.jpg;$15.00;CGN-00932;+
BioGaia, Protectis, Baby Drops, For Colic & Digestive Comfort with Vitamin D, 0.34 fl oz (10 ml);https://cloudinary.images-iherb.com/image/upload/f_auto,q_auto:eco/images/bga/bga46015/u/35.jpg;$26.20;BGA-46015;+
Life Extension, Two-Per-Day Multivitamin, 120 Tablets;https://cloudinary.images-iherb.com/image/upload/f_auto,q_auto:eco/images/lex/lex23151/u/75.jpg;$15.75;LEX-23151;+
California Gold Nutrition, CollagenUP, Unflavored, 16.37 oz (464 g);https://cloudinary.images-iherb.com/image/upload/f_auto,q_auto:eco/images/cgn/cgn01032/u/221.jpg;$28.00;CGN-01032;-
California Gold Nutrition, SUPERFOODS - Cold Pressed Organic Virgin Coconut Oil, 16 fl oz (473 ml);https://cloudinary.images-iherb.com/image/upload/f_auto,q_auto:eco/images/cgn/cgn01190/u/123.jpg;$8.00;CGN-01190;+
NOW Foods, Vitamin D-3, 125 mcg (5,000 IU), 240 Softgels;https://cloudinary.images-iherb.com/image/upload/f_auto,q_auto:eco/images/now/now00373/u/26.jpg;$7.66;NOW-00373;+
Jarrow Formulas, Methyl Folate, 400 mcg, 60 Veggie Caps;https://cloudinary.images-iherb.com/image/upload/f_auto,q_auto:eco/images/jrw/jrw30006/u/61.jpg;$6.16;JRW-30006;+
California Gold Nutrition, Vitamin C Gummies, 90 Gummies;https://cloudinary.images-iherb.com/image/upload/f_auto,q_auto:eco/images/cgn/cgn01092/u/182.jpg;$7.20;CGN-01092;+
California Gold Nutrition, Vitamin D3, 50 mcg (2,000 IU), 360 Fish Gelatin Softgels;https://cloudinary.images-iherb.com/image/upload/f_auto,q_auto:eco/images/cgn/cgn01180/u/148.jpg;$6.00;CGN-01180;+
21st Century, Biotin, 10,000 mcg, 120 Tablets;https://cloudinary.images-iherb.com/image/upload/f_auto,q_auto:eco/images/cen/cen27757/u/21.jpg;$7.48;CEN-27757;+
California Gold Nutrition, Vitamin D3, 50 mcg (2,000 IU), 90 Fish Gelatin Softgels;https://cloudinary.images-iherb.com/image/upload/f_auto,q_auto:eco/images/cgn/cgn01179/u/139.jpg;$1.00;CGN-01179;+
NOW Foods, Zinc, 50 mg, 250 Tablets;https://cloudinary.images-iherb.com/image/upload/f_auto,q_auto:eco/images/now/now01522/u/24.jpg;$10.46;NOW-01522;+
Natrol, Melatonin, Time Release, Extra Strength, 5 mg, 100 Tablets;https://cloudinary.images-iherb.com/image/upload/f_auto,q_auto:eco/images/ntl/ntl04837/u/29.jpg;$7.19;NTL-04837;+
21st Century, Magnesium, 250 mg, 110 Tablets;https://cloudinary.images-iherb.com/image/upload/f_auto,q_auto:eco/images/cen/cen22713/u/29.jpg;$3.02;CEN-22713;+
Nature's Bounty, Calcium Magnesium Zinc with Vitamin D3, 100 Coated Caplets;https://cloudinary.images-iherb.com/image/upload/f_auto,q_auto:eco/images/nrt/nrt04290/u/47.jpg;$6.37;NRT-04290;+
Optimum Nutrition, Gold Standard 100% Whey, Double Rich Chocolate, 5 lbs (2.27 kg);https://cloudinary.images-iherb.com/image/upload/f_auto,q_auto:eco/images/opn/opn02866/u/36.jpg;$74.99;OPN-02866;+
Natrol, Kids, Melatonin, Ages 4+, Berry, 90 Gummies;https://cloudinary.images-iherb.com/image/upload/f_auto,q_auto:eco/images/ntl/ntl07530/u/34.jpg;$10.60;NTL-07530;+
Garden of Life, Dr. Formulated Probiotics, Once Daily Women's, 50 Billion, 30 Vegetarian Capsules;https://cloudinary.images-iherb.com/image/upload/f_auto,q_auto:eco/images/gol/gol11832/u/28.jpg;$29.36;GOL-11832;+
Natrol, Melatonin Sleep, Time Release, 10 mg, 100 Tablets;https://cloudinary.images-iherb.com/image/upload/f_auto,q_auto:eco/images/ntl/ntl07279/u/34.jpg;$12.06;NTL-07279;+
Life Extension, Magnesium Caps, 500 mg, 100 Vegetarian Capsules;https://cloudinary.images-iherb.com/image/upload/f_auto,q_auto:eco/images/lex/lex14591/u/180.jpg;$8.45;LEX-14591;+
California Gold Nutrition, DHA 700 Fish Oil, Pharmaceutical Grade, 1,000 mg, 30 Fish Gelatin Softgels;https://cloudinary.images-iherb.com/image/upload/f_auto,q_auto:eco/images/cgn/cgn01252/u/115.jpg;$4.50;CGN-01252;+
Zarbee's, Children's Sleep with Melatonin, Natural Berry Flavor, Ages 3+, 50 Gummies;https://cloudinary.images-iherb.com/image/upload/f_auto,q_auto:eco/images/zar/zar00543/u/42.jpg;$15.12;ZAR-00543;+
California Gold Nutrition, French Grape Seed Extract, VitaFlavan, 100 mg, 360 Veggie Capsules;https://cloudinary.images-iherb.com/image/upload/f_auto,q_auto:eco/images/cgn/cgn01737/u/30.jpg;$19.80;CGN-01737;+
Gummiology, Adult Apple Cider Vinegar Gummies, Natural Apple Flavor, 90 Vegetarian Gummies;https://cloudinary.images-iherb.com/image/upload/f_auto,q_auto:eco/images/gmm/gmm01481/u/35.jpg;$9.00;GMM-01481;-
Natural Factors, Eye Factors with 2 mg Lutein, 90 Capsules;https://cloudinary.images-iherb.com/image/upload/f_auto,q_auto:eco/images/nfs/nfs04635/u/26.jpg;$7.02;NFS-04635;+
Life Extension, AMPK Metabolic Activator, 30 Vegetarian Tablets;https://cloudinary.images-iherb.com/image/upload/f_auto,q_auto:eco/images/lex/lex22073/u/77.jpg;$21.64;LEX-22073;+
NOW Foods, Super Primrose, Evening Primrose Oil, 1300 mg, 120 Softgels;https://cloudinary.images-iherb.com/image/upload/f_auto,q_auto:eco/images/now/now01757/u/39.jpg;$17.63;NOW-01757;+
MRM, Chromium Picolinate, 100 Vegan Capsules;https://cloudinary.images-iherb.com/image/upload/f_auto,q_auto:eco/images/mrm/mrm71301/u/19.jpg;$5.06;MRM-71301;+
NOW Foods, Selenium, 200 mcg, 180 Veg Capsules;https://cloudinary.images-iherb.com/image/upload/f_auto,q_auto:eco/images/now/now01486/u/56.jpg;$12.70;NOW-01486;+
21st Century, One Daily, Men's Health, 100 Tablets;https://cloudinary.images-iherb.com/image/upload/f_auto,q_auto:eco/images/cen/cen27305/u/55.jpg;$5.71;CEN-27305;+
NOW Foods, Soy Isoflavones, 120 Veg Capsules;https://cloudinary.images-iherb.com/image/upload/f_auto,q_auto:eco/images/now/now03288/u/17.jpg;$22.18;NOW-03288;+
21st Century, Prolonged Release Melatonin, 10 mg, 120 Tablets;https://cloudinary.images-iherb.com/image/upload/f_auto,q_auto:eco/images/cen/cen28028/u/8.jpg;$8.27;CEN-28028;+
Youtheory, Collagen, 1,000 mg, 120 Tablets;https://cloudinary.images-iherb.com/image/upload/f_auto,q_auto:eco/images/you/you00300/u/67.jpg;$8.74;YOU-00300;+
Thorne Research, D-5,000, 60 Capsules;https://cloudinary.images-iherb.com/image/upload/f_auto,q_auto:eco/images/thr/thr13801/u/38.jpg;$15.00;THR-13801;+
OmegaVia, Ultra Concentrated Omega-3, 60 Softgels;https://cloudinary.images-iherb.com/image/upload/f_auto,q_auto:eco/images/ome/ome58128/u/12.jpg;$24.82;OME-58128;+
21st Century, Iron, 65 mg, 120 Tablets;https://cloudinary.images-iherb.com/image/upload/f_auto,q_auto:eco/images/cen/cen22670/u/41.jpg;$4.57;CEN-22670;+
Jarrow Formulas, Glutathione Reduced, 500 mg, 150 Veggie Caps;https://cloudinary.images-iherb.com/image/upload/f_auto,q_auto:eco/images/jrw/jrw15091/u/8.jpg;$49.56;JRW-15091;+
Mommy's Bliss, Kids Sleep Gummies + Melatonin, Kids 3 Years +, Strawberry, 60 Gummies;https://cloudinary.images-iherb.com/image/upload/f_auto,q_auto:eco/images/bab/bab07180/u/0.jpg;$14.47;BAB-07180;+
Doctor's Best, Digestive Enzymes, 90 Veggie Caps;https://cloudinary.images-iherb.com/image/upload/f_auto,q_auto:eco/images/drb/drb00047/u/96.jpg;$20.76;DRB-00047;-
21st Century, Mega Multi for Women, 90 Tablets;https://cloudinary.images-iherb.com/image/upload/f_auto,q_auto:eco/images/cen/cen22659/u/31.jpg;$10.64;CEN-22659;+
Nature's Way, Alive! Men's 50+ Ultra Potency Complete Multivitamin, 60 Tablets;https://cloudinary.images-iherb.com/image/upload/f_auto,q_auto:eco/images/nwy/nwy15691/u/62.jpg;$19.14;NWY-15691;+
NOW Foods, Chlorella, 1,000 mg, 120 Tablets;https://cloudinary.images-iherb.com/image/upload/f_auto,q_auto:eco/images/now/now02632/u/17.jpg;$15.34;NOW-02632;+
California Gold Nutrition, Selenium, Yeast-Free, 200 mcg, 180 Veggie Capsules;https://cloudinary.images-iherb.com/image/upload/f_auto,q_auto:eco/images/cgn/cgn01352/u/94.jpg;$10.20;CGN-01352;+
Doctor's Best, Glucosamine Chondroitin MSM + Hyaluronic Acid, 150 Veggie Caps;https://cloudinary.images-iherb.com/image/upload/f_auto,q_auto:eco/images/drb/drb00271/u/59.jpg;$23.02;DRB-00271;-
Life Extension, Fast-Acting Liquid Melatonin, Citrus-Vanilla, 2 fl oz (59 ml);https://cloudinary.images-iherb.com/image/upload/f_auto,q_auto:eco/images/lex/lex22342/u/72.jpg;$7.19;LEX-22342;+
Natural Factors, Hi Potency B Complex, 90 Capsules;https://cloudinary.images-iherb.com/image/upload/f_auto,q_auto:eco/images/nfs/nfs01121/u/32.jpg;$6.30;NFS-01121;+
Zarbee's, Children's Sleep with Melatonin, Natural Grape Flavor, For Children 3 Years +, 50 Chewable Tablets;https://cloudinary.images-iherb.com/image/upload/f_auto,q_auto:eco/images/zar/zar00558/u/26.jpg;$11.28;ZAR-00558;+
Natural Factors, Vitamin K2, 120 mcg, 60 Vegetarian Capsules;https://cloudinary.images-iherb.com/image/upload/f_auto,q_auto:eco/images/nfs/nfs01294/u/40.jpg;$8.58;NFS-01294;+
"Solgar, B-Complex ""100"", 100 Vegetable Capsules";https://cloudinary.images-iherb.com/image/upload/f_auto,q_auto:eco/images/sol/sol01150/u/78.jpg;$20.00;SOL-01150;+
NOW Foods, Beta-Glucans, with ImmunEnhancer, Extra Strength, 250 mg, 60 Veg Capsules;https://cloudinary.images-iherb.com/image/upload/f_auto,q_auto:eco/images/now/now03033/u/24.jpg;$15.35;NOW-03033;+
Garden of Life, Vitamin Code, RAW Zinc, 60 Vegan Capsules;https://cloudinary.images-iherb.com/image/upload/f_auto,q_auto:eco/images/gol/gol11652/u/44.jpg;$8.93;GOL-11652;+
Life Extension, Boron, 3 mg, 100 Vegetarian Capsules;https://cloudinary.images-iherb.com/image/upload/f_auto,q_auto:eco/images/lex/lex16611/u/59.jpg;$5.03;LEX-16611;+
NOW Foods, Mega D-3 & MK-7, 120 Capsules;https://cloudinary.images-iherb.com/image/upload/f_auto,q_auto:eco/images/now/now00386/u/8.jpg;$27.94;NOW-00386;+
NOW Foods, Calcium & Magnesium with Vitamin D-3 and Zinc, 240 Softgels;https://cloudinary.images-iherb.com/image/upload/f_auto,q_auto:eco/images/now/now01252/u/71.jpg;$20.43;NOW-01252;+
ChildLife, Liquid Iron, Natural Berry Flavor, 4 fl oz (118 ml);https://cloudinary.images-iherb.com/image/upload/f_auto,q_auto:eco/images/cdl/cdl12100/u/8.jpg;$12.39;CDL-12100;-
GummiKing, Omega-3 DHA + EPA for Kids, Strawberry, Orange and Lemon, 60 Gummies;https://cloudinary.images-iherb.com/image/upload/f_auto,q_auto:eco/images/gum/gum00083/u/42.jpg;$9.40;GUM-00083;+
Solgar, Naturally Sourced Vitamin E, 268 mg (400 IU), 100 Softgels;https://cloudinary.images-iherb.com/image/upload/f_auto,q_auto:eco/images/sol/sol03541/u/32.jpg;$14.90;SOL-03541;+
Solgar, Magnesium with Vitamin B6, 250 Tablets;https://cloudinary.images-iherb.com/image/upload/f_auto,q_auto:eco/images/sol/sol01721/u/53.jpg;$15.96;SOL-01721;+
NOW Foods, Potassium Citrate Pure Powder, 12 oz (340 g);https://cloudinary.images-iherb.com/image/upload/f_auto,q_auto:eco/images/now/now01446/u/19.jpg;$11.09;NOW-01446;+
Lake Avenue Nutrition, Hydrolyzed Collagen Type I & III, 1,000 mg, 365 Tablets;https://cloudinary.images-iherb.com/image/upload/f_auto,q_auto:eco/images/lkn/lkn01555/u/77.jpg;$12.10;LKN-01555;+
NOW Foods, Super Enzymes, 180 Tablets;https://cloudinary.images-iherb.com/image/upload/f_auto,q_auto:eco/images/now/now02962/u/25.jpg;$25.30;NOW-02962;+
Nature's Bounty, Hair, Skin & Nails, 60 Coated Caplets;https://cloudinary.images-iherb.com/image/upload/f_auto,q_auto:eco/images/nrt/nrt07580/u/59.jpg;$8.52;NRT-07580;+
California Gold Nutrition, Lion's Mane, 90 Veggie Capsules;https://cloudinary.images-iherb.com/image/upload/f_auto,q_auto:eco/images/cgn/cgn01255/u/50.jpg;$10.80;CGN-01255;+
Doctor's Best, Vitamin D3, 125 mcg (5,000 IU), 360 Softgels;https://cloudinary.images-iherb.com/image/upload/f_auto,q_auto:eco/images/drb/drb00250/u/82.jpg;$9.66;DRB-00250;+
KAL, Lithium Orotate, 5 mg, 120 VegCaps;https://cloudinary.images-iherb.com/image/upload/f_auto,q_auto:eco/images/cal/cal86331/u/10.jpg;$8.23;CAL-86331;+
Life Extension, Glycine, 1,000 mg, 100 Vegetarian Capsules;https://cloudinary.images-iherb.com/image/upload/f_auto,q_auto:eco/images/lex/lex16691/u/101.jpg;$10.87;LEX-16691;+
Thorne Research, S.A.T., 60 Capsules;https://cloudinary.images-iherb.com/image/upload/f_auto,q_auto:eco/images/thr/thr73202/u/22.jpg;$35.00;THR-73202;+
Natural Factors, NAC, N-Acetyl-L-Cysteine, 600 mg, 60 Vegetarian Capsules;https://cloudinary.images-iherb.com/image/upload/f_auto,q_auto:eco/images/nfs/nfs02818/u/22.jpg;$7.14;NFS-02818;+
BioGaia, Protectis Baby Drops, For Colic & Digestive Comfort, 0.17 fl oz (5 ml);https://cloudinary.images-iherb.com/image/upload/f_auto,q_auto:eco/images/bga/bga46020/u/29.jpg;$19.86;BGA-46020;+
Solgar, Chelated Iron, 100 Tablets;https://cloudinary.images-iherb.com/image/upload/f_auto,q_auto:eco/images/sol/sol00680/u/41.jpg;$9.18;SOL-00680;+
NOW Foods, L-Lysine, 1,000 mg, 250 Tablets;https://cloudinary.images-iherb.com/image/upload/f_auto,q_auto:eco/images/now/now00123/u/4.jpg;$19.39;NOW-00123;+
Solaray, Copper, 2 mg, 100 VegCaps;https://cloudinary.images-iherb.com/image/upload/f_auto,q_auto:eco/images/sor/sor45931/u/21.jpg;$4.68;SOR-45931;+
California Gold Nutrition, Pterostilbene, 50 mg, 180 Veggie Capsules;https://cloudinary.images-iherb.com/image/upload/f_auto,q_auto:eco/images/cgn/cgn01848/u/10.jpg;$30.00;CGN-01848;-
NOW Foods, Pumpkin Seed Oil, 1000 mg, 100 Softgels;https://cloudinary.images-iherb.com/image/upload/f_auto,q_auto:eco/images/now/now01840/u/24.jpg;$11.15;NOW-01840;+
Doctor's Best, High Absorption Magnesium, 100 mg, 240 Tablets;https://cloudinary.images-iherb.com/image/upload/f_auto,q_auto:eco/images/drb/drb00087/u/149.jpg;$17.99;DRB-00087;-
Nature's Way, Chlorofresh, Chlorophyll Concentrate, 50 mg, 90 Softgels;https://cloudinary.images-iherb.com/image/upload/f_auto,q_auto:eco/images/nwy/nwy03550/u/58.jpg;$12.91;NWY-03550;+
Jarrow Formulas, Saccharomyces Boulardii Plus MOS, 5 Billion, 90 Delayed Release Veggie Caps;https://cloudinary.images-iherb.com/image/upload/f_auto,q_auto:eco/images/jrw/jrw03004/u/80.jpg;$19.91;JRW-03004;+
Foods Alive, Superfood, Non-Fortified Nutritional Yeast, 6 oz (170 g);https://cloudinary.images-iherb.com/image/upload/f_auto,q_auto:eco/images/fda/fda00047/u/14.jpg;$10.43;FDA-00047;+
NOW Foods, ADAM, Superior Men's Multi, 90 Softgels;https://cloudinary.images-iherb.com/image/upload/f_auto,q_auto:eco/images/now/now03880/u/84.jpg;$21.54;NOW-03880;+
Thorne Research, Taurine, 90 Capsules;https://cloudinary.images-iherb.com/image/upload/f_auto,q_auto:eco/images/thr/thr51102/u/13.jpg;$13.00;THR-51102;+
MRM, Glucosamine Chondroitin MSM, 90 Capsules;https://cloudinary.images-iherb.com/image/upload/f_auto,q_auto:eco/images/mrm/mrm21104/u/15.jpg;$13.26;MRM-21104;+
Doctor's Best, NAC Detox Regulators, 60 Veggie Caps;https://cloudinary.images-iherb.com/image/upload/f_auto,q_auto:eco/images/drb/drb00279/u/52.jpg;$6.50;DRB-00279;-
21st Century, Melatonin, 3 mg, 200 Tablets;https://cloudinary.images-iherb.com/image/upload/f_auto,q_auto:eco/images/cen/cen22721/u/18.jpg;$6.80;CEN-22721;+
Life Extension, Vitamin B3 Niacin, 500 mg, 100 Capsules;https://cloudinary.images-iherb.com/image/upload/f_auto,q_auto:eco/images/lex/lex37210/u/59.jpg;$6.08;LEX-37210;+
Garden of Life, RAW Organic Protein, Organic Plant Formula, Unflavored, 19.75 oz (560 g);https://cloudinary.images-iherb.com/image/upload/f_auto,q_auto:eco/images/gol/gol11415/u/24.jpg;$36.01;GOL-11415;+
Life Extension, Neuro-Mag, Magnesium L-Threonate, Tropical Punch , 3.293 oz (93.35 g);https://cloudinary.images-iherb.com/image/upload/f_auto,q_auto:eco/images/lex/lex20329/u/60.jpg;$27.12;LEX-20329;+
NaturesPlus, Source of Life, Animal Parade, Calcium, Children's Chewable Supplement, Vanilla Sundae, 90 Animal-Shaped Tablets;https://cloudinary.images-iherb.com/image/upload/f_auto,q_auto:eco/images/nap/nap29996/u/36.jpg;$8.37;NAP-29996;+
Solgar, Skin, Nails & Hair, Advanced MSM Formula, 60 Tablets;https://cloudinary.images-iherb.com/image/upload/f_auto,q_auto:eco/images/sol/sol01735/u/49.jpg;$12.06;SOL-01735;+
NOW Foods, 5-HTP, 100 mg, 60 Veg Capsules;https://cloudinary.images-iherb.com/image/upload/f_auto,q_auto:eco/images/now/now00105/u/18.jpg;$10.55;NOW-00105;+
NOW Foods, Magnesium Citrate, 180 Softgels;https://cloudinary.images-iherb.com/image/upload/f_auto,q_auto:eco/images/now/now01298/u/31.jpg;$20.30;NOW-01298;+
Trace Minerals ®, ConcenTrace, Trace Mineral Drops, 8 fl oz (237 ml);https://cloudinary.images-iherb.com/image/upload/f_auto,q_auto:eco/images/tmr/tmr00005/u/25.jpg;$30.12;TMR-00005;+
NOW Foods, Saw Palmetto Berries, 550 mg, 250 Veg Capsules;https://cloudinary.images-iherb.com/image/upload/f_auto,q_auto:eco/images/now/now04748/u/26.jpg;$16.28;NOW-04748;+
NOW Foods, Ultra Omega 3-D, 600 EPA / 300 DHA, 180 Fish Softgels;https://cloudinary.images-iherb.com/image/upload/f_auto,q_auto:eco/images/now/now01664/u/27.jpg;$35.15;NOW-01664;+
California Gold Nutrition, Omega-3 Premium Fish Oil, 180 EPA / 120 DHA, 100 Fish Gelatin Softgels;https://cloudinary.images-iherb.com/image/upload/f_auto,q_auto:eco/images/mli/mli00952/u/199.jpg;$4.83;MLI-00952;+
California Gold Nutrition, Vitamin D3, 125 mcg (5,000 IU), 360 Fish Gelatin Softgels;https://cloudinary.images-iherb.com/image/upload/f_auto,q_auto:eco/images/cgn/cgn01066/u/128.jpg;$6.80;CGN-01066;+
California Gold Nutrition, Baby Vitamin D3 Liquid, 10 mcg (400 IU), 0.34 fl oz (10 ml);https://cloudinary.images-iherb.com/image/upload/f_auto,q_auto:eco/images/cgn/cgn01034/u/96.jpg;$4.00;CGN-01034;+
California Gold Nutrition, LactoBif Probiotics, 5 Billion CFU, 60 Veggie Capsules;https://cloudinary.images-iherb.com/image/upload/f_auto,q_auto:eco/images/cgn/cgn00963/u/91.jpg;$6.50;CGN-00963;+
California Gold Nutrition, LactoBif Probiotics, 30 Billion CFU, 60 Veggie Capsules;https://cloudinary.images-iherb.com/image/upload/f_auto,q_auto:eco/images/cgn/cgn00965/u/68.jpg;$20.00;CGN-00965;+
California Gold Nutrition, Gold C, 1,000 mg, 60 Veggie Capsules;https://cloudinary.images-iherb.com/image/upload/f_auto,q_auto:eco/images/cgn/cgn00931/u/164.jpg;$1.00;CGN-00931;+
California Gold Nutrition, Vitamin D3, 125 mcg (5,000 IU), 90 Fish Gelatin Softgels;https://cloudinary.images-iherb.com/image/upload/f_auto,q_auto:eco/images/cgn/cgn01065/u/174.jpg;$1.00;CGN-01065;+
Life Extension, BioActive Complete B-Complex, 60 Vegetarian Capsules;https://cloudinary.images-iherb.com/image/upload/f_auto,q_auto:eco/images/lex/lex19456/u/70.jpg;$9.42;LEX-19456;+
California Gold Nutrition, CollagenUP, Unflavored, 7.26 oz (206 g);https://cloudinary.images-iherb.com/image/upload/f_auto,q_auto:eco/images/cgn/cgn01033/u/178.jpg;$13.60;CGN-01033;-
NOW Foods, High Potency Vitamin D-3, 10,000 IU, 120 Softgels;https://cloudinary.images-iherb.com/image/upload/f_auto,q_auto:eco/images/now/now00376/u/47.jpg;$8.44;NOW-00376;+
NOW Foods, Vitamin D-3, 125 mcg (5,000 IU), 120 Softgels;https://cloudinary.images-iherb.com/image/upload/f_auto,q_auto:eco/images/now/now00372/u/35.jpg;$5.19;NOW-00372;+
California Gold Nutrition, Daily Two-Per-Day Multivitamins, 60 Veggie Capsules;https://cloudinary.images-iherb.com/image/upload/f_auto,q_auto:eco/images/cgn/cgn01990/u/10.jpg;$6.00;CGN-01990;+
Natrol, Biotin, Maximum Strength, 10,000 mcg, 100 Tablets;https://cloudinary.images-iherb.com/image/upload/f_auto,q_auto:eco/images/ntl/ntl05396/u/29.jpg;$9.63;NTL-05396;+
California Gold Nutrition, Immune 4, 60 Veggie Capsules;https://cloudinary.images-iherb.com/image/upload/f_auto,q_auto:eco/images/cgn/cgn01842/u/63.jpg;$1.00;CGN-01842;+
Doctor's Best, High Absorption Magnesium, 100 mg, 120 Tablets;https://cloudinary.images-iherb.com/image/upload/f_auto,q_auto:eco/images/drb/drb00025/u/75.jpg;$9.77;DRB-00025;+
Life Extension, Two-Per-Day Multivitamin, 120 Capsules;https://cloudinary.images-iherb.com/image/upload/f_auto,q_auto:eco/images/lex/lex23141/u/35.jpg;$19.63;LEX-23141;+
California Gold Nutrition, Omega-3 Premium Fish Oil, 180 EPA / 120 DHA, 240 Fish Gelatin Softgels;https://cloudinary.images-iherb.com/image/upload/f_auto,q_auto:eco/images/cgn/cgn01330/u/117.jpg;$10.65;CGN-01330;+
NOW Foods, Iron, Double Strength, 36 mg, 90 Veg Capsules;https://cloudinary.images-iherb.com/image/upload/f_auto,q_auto:eco/images/now/now01444/u/32.jpg;$9.39;NOW-01444;+
21st Century, Calcium Magnesium Zinc + D3, 90 Tablets;https://cloudinary.images-iherb.com/image/upload/f_auto,q_auto:eco/images/cen/cen22263/u/27.jpg;$4.46;CEN-22263;+
California Gold Nutrition, Gold C, Vitamin C, 500 mg, 240 Veggie Capsules;https://cloudinary.images-iherb.com/image/upload/f_auto,q_auto:eco/images/cgn/cgn00934/u/138.jpg;$13.00;CGN-00934;+
California Gold Nutrition, Omega 800 Pharmaceutical Grade Fish Oil, 80% EPA/DHA, Triglyceride Form, 1,000 mg, 90 Fish Gelatin Softgels;https://cloudinary.images-iherb.com/image/upload/f_auto,q_auto:eco/images/cgn/cgn01266/u/72.jpg;$16.50;CGN-01266;+
21st Century, Zinc Citrate, 50 mg, 60 Tablets;https://cloudinary.images-iherb.com/image/upload/f_auto,q_auto:eco/images/cen/cen28026/u/8.jpg;$2.00;CEN-28026;+
NOW Foods, Omega-3, 180 EPA / 120 DHA, 100 Softgels;https://cloudinary.images-iherb.com/image/upload/f_auto,q_auto:eco/images/now/now01650/u/16.jpg;$5.97;NOW-01650;+
California Gold Nutrition, LactoBif Probiotics, 5 Billion CFU, 10 Veggie Capsules;https://cloudinary.images-iherb.com/image/upload/f_auto,q_auto:eco/images/cgn/cgn00964/u/62.jpg;$1.00;CGN-00964;+
Solgar, Sublingual Methylcobalamin (Vitamin B12), 1,000 mcg, 60 Nuggets;https://cloudinary.images-iherb.com/image/upload/f_auto,q_auto:eco/images/sol/sol01951/u/59.jpg;$8.55;SOL-01951;+
Muscletech, Platinum Multi Vitamin,  90 Tablets;https://cloudinary.images-iherb.com/image/upload/f_auto,q_auto:eco/images/msc/msc61017/u/8.jpg;$13.62;MSC-61017;+
21st Century, Biotin, 800 mcg, 110 Easy Swallow Tablets;https://cloudinary.images-iherb.com/image/upload/f_auto,q_auto:eco/images/cen/cen22881/u/23.jpg;$2.73;CEN-22881;+
Thorne Research, Stress B-Complex, 60 Capsules;https://cloudinary.images-iherb.com/image/upload/f_auto,q_auto:eco/images/thr/thr00296/u/21.jpg;$18.00;THR-00296;+
Nature's Way, Alive! Once Daily, Women's 50+ Multi-Vitamin, 60 Tablets;https://cloudinary.images-iherb.com/image/upload/f_auto,q_auto:eco/images/nwy/nwy15692/u/54.jpg;$19.14;NWY-15692;+
California Gold Nutrition, Buffered Gold C, Non-Acidic Vitamin C Powder, Sodium Ascorbate, 8.40 oz (238 g);https://cloudinary.images-iherb.com/image/upload/f_auto,q_auto:eco/images/cgn/cgn01235/u/77.jpg;$7.15;CGN-01235;+
NOW Foods, Magnesium Citrate, 240 Veg Capsules;https://cloudinary.images-iherb.com/image/upload/f_auto,q_auto:eco/images/now/now01296/u/12.jpg;$23.24;NOW-01296;+
Super Nutrition, SimplyOne, Women's Multivitamin + Supporting Herbs, 30 Tablets;https://cloudinary.images-iherb.com/image/upload/f_auto,q_auto:eco/images/spn/spn00212/u/64.jpg;$4.01;SPN-00212;+
California Gold Nutrition, Pterostilbene, 50 mg, 30 Veggie Capsules;https://cloudinary.images-iherb.com/image/upload/f_auto,q_auto:eco/images/cgn/cgn01847/u/10.jpg;$3.00;CGN-01847;+
Paradise Herbs, ORAC Energy Greens, 12.8 oz (364 g);https://cloudinary.images-iherb.com/image/upload/f_auto,q_auto:eco/images/par/par77778/u/36.jpg;$42.53;PAR-77778;+
NOW Foods, E-400, 268 mg , 250 Softgels;https://cloudinary.images-iherb.com/image/upload/f_auto,q_auto:eco/images/now/now00839/u/16.jpg;$27.46;NOW-00839;+
Mamma Chia, Organic Chia Seed, 12 oz (340 g);https://cloudinary.images-iherb.com/image/upload/f_auto,q_auto:eco/images/mch/mch00233/u/10.jpg;$6.99;MCH-00233;+
Jarrow Formulas, Lactoferrin, Freeze Dried, 250 mg, 60 Capsules;https://cloudinary.images-iherb.com/image/upload/f_auto,q_auto:eco/images/jrw/jrw21011/u/57.jpg;$31.26;JRW-21011;+
Nordic Naturals, Daily Omega Kids, Natural Fruit Flavor, 340 mg, 30 Soft Gels;https://cloudinary.images-iherb.com/image/upload/f_auto,q_auto:eco/images/nor/nor01817/u/18.jpg;$7.72;NOR-01817;+
Life Extension, Vitamins D and K with Sea-Iodine, 60 Capsules;https://cloudinary.images-iherb.com/image/upload/f_auto,q_auto:eco/images/lex/lex20406/u/69.jpg;$13.78;LEX-20406;+
Life Extension, Skin Restoring Ceramides, 30 Liquid Vegetarian Capsules;https://cloudinary.images-iherb.com/image/upload/f_auto,q_auto:eco/images/lex/lex20963/u/54.jpg;$14.21;LEX-20963;+
NOW Foods, Brewer's Yeast, 200 Tablets;https://cloudinary.images-iherb.com/image/upload/f_auto,q_auto:eco/images/now/now02410/u/29.jpg;$8.87;NOW-02410;+
MRM, Acetyl L-Carnitine, 60 Vegan Capsules;https://cloudinary.images-iherb.com/image/upload/f_auto,q_auto:eco/images/mrm/mrm85003/u/50.jpg;$9.18;MRM-85003;+
California Gold Nutrition, B Complex Gummies, No Gelatin, No Gluten, Natural Strawberry Flavor, 45 Gummies;https://cloudinary.images-iherb.com/image/upload/f_auto,q_auto:eco/images/cgn/cgn01201/u/79.jpg;$9.00;CGN-01201;+
MRM, Cordyceps CS-4 Strain, 60 Vegan Capsules;https://cloudinary.images-iherb.com/image/upload/f_auto,q_auto:eco/images/mrm/mrm71030/u/51.jpg;$11.12;MRM-71030;+
California Gold Nutrition, Biotin, 10,000 mcg, 90 Veggie Softgels;https://cloudinary.images-iherb.com/image/upload/f_auto,q_auto:eco/images/cgn/cgn01170/u/111.jpg;$4.50;CGN-01170;-
Solaray, Niacin, 500 mg, 100 VegCaps;https://cloudinary.images-iherb.com/image/upload/f_auto,q_auto:eco/images/sor/sor04363/u/21.jpg;$5.95;SOR-04363;+
NOW Foods, Ubiquinol, 100 mg, 120 Softgels;https://cloudinary.images-iherb.com/image/upload/f_auto,q_auto:eco/images/now/now03143/u/30.jpg;$43.78;NOW-03143;+
Solaray, Monolaurin, 500 mg, 60 VegCaps;https://cloudinary.images-iherb.com/image/upload/f_auto,q_auto:eco/images/sor/sor62754/u/31.jpg;$9.43;SOR-62754;+
Natrol, Melatonin, Fast Dissolve, Strawberry Flavor, 3 mg, 90 Tablets;https://cloudinary.images-iherb.com/image/upload/f_auto,q_auto:eco/images/ntl/ntl06076/u/31.jpg;$6.42;NTL-06076;+
KAL, Magnesium Taurate +, 200 mg, 180 Tablets;https://cloudinary.images-iherb.com/image/upload/f_auto,q_auto:eco/images/cal/cal61832/u/0.jpg;$19.92;CAL-61832;-
NaturesPlus, Source of Life, Animal Parade, MagKidz, Children's Magnesium, Natural Cherry Flavor, 90 Animal-Shaped Tablets;https://cloudinary.images-iherb.com/image/upload/f_auto,q_auto:eco/images/nap/nap29942/u/6.jpg;$8.37;NAP-29942;-
Thorne Research, Iron Bisglycinate, 60 Capsules;https://cloudinary.images-iherb.com/image/upload/f_auto,q_auto:eco/images/thr/thr00345/u/22.jpg;$13.00;THR-00345;+
NOW Foods, Melatonin, 3 mg, 180 Veg Capsules;https://cloudinary.images-iherb.com/image/upload/f_auto,q_auto:eco/images/now/now03257/u/5.jpg;$9.62;NOW-03257;+
Natural Factors, Lutein, 20 mg, 120 Softgels;https://cloudinary.images-iherb.com/image/upload/f_auto,q_auto:eco/images/nfs/nfs01033/u/23.jpg;$13.67;NFS-01033;+
Natrol, Melatonin, Maximum Strength, Citrus Flavor , 10 mg, 100 Tablets;https://cloudinary.images-iherb.com/image/upload/f_auto,q_auto:eco/images/ntl/ntl07166/u/24.jpg;$10.86;NTL-07166;+
NaturesPlus, Hema-Plex, 60 Fast-Acting Capsules;https://cloudinary.images-iherb.com/image/upload/f_auto,q_auto:eco/images/nap/nap03772/u/97.jpg;$10.33;NAP-03772;+
California Gold Nutrition, Boswellia Extract, Plus Turmeric Extract, 250 mg, 120 Veggie Capsules;https://cloudinary.images-iherb.com/image/upload/f_auto,q_auto:eco/images/cgn/cgn01351/u/17.jpg;$8.50;CGN-01351;+
21st Century, Sentry, Adults Multivitamin & Multimineral Supplement, 300 Tablets;https://cloudinary.images-iherb.com/image/upload/f_auto,q_auto:eco/images/cen/cen22702/u/35.jpg;$13.35;CEN-22702;+
Jarrow Formulas, Inositol, 750 mg, 100 Veggie Caps;https://cloudinary.images-iherb.com/image/upload/f_auto,q_auto:eco/images/jrw/jrw01024/u/49.jpg;$11.80;JRW-01024;-
California Gold Nutrition, AstaCarotenoid Complex, Lutein, Lycopene, Astaxanthin Complex, 30 Veggie Softgels;https://cloudinary.images-iherb.com/image/upload/f_auto,q_auto:eco/images/cgn/cgn01206/u/29.jpg;$7.50;CGN-01206;+
Oslomega, Norwegian Kids Omega-3 Fish Oil, Natural Lemon Flavor, 6.7 fl oz (200 ml);https://cloudinary.images-iherb.com/image/upload/f_auto,q_auto:eco/images/osl/osl01388/u/32.jpg;$8.00;OSL-01388;+
NOW Foods, Selenium, 100 mcg, 250 Tablets;https://cloudinary.images-iherb.com/image/upload/f_auto,q_auto:eco/images/now/now01482/u/58.jpg;$9.22;NOW-01482;+
NOW Foods, Taurine, 500 mg, 100 Veg Capsules;https://cloudinary.images-iherb.com/image/upload/f_auto,q_auto:eco/images/now/now00140/u/32.jpg;$6.58;NOW-00140;+
Solaray, B-Complex 50, 250 VegCaps;https://cloudinary.images-iherb.com/image/upload/f_auto,q_auto:eco/images/sor/sor04272/u/18.jpg;$19.31;SOR-04272;+
Life Extension, Two-Per-Day Multivitamin, 60 Capsules;https://cloudinary.images-iherb.com/image/upload/f_auto,q_auto:eco/images/lex/lex23176/u/58.jpg;$11.19;LEX-23176;+
California Gold Nutrition, SPORT - Plant-Based Protein, Chocolate, 2 lb Pouch;https://cloudinary.images-iherb.com/image/upload/f_auto,q_auto:eco/images/cgn/cgn01348/u/14.jpg;$19.68;CGN-01348;+
NOW Foods, Omega-3, 180 EPA / 120 DHA, 30 Softgels;https://cloudinary.images-iherb.com/image/upload/f_auto,q_auto:eco/images/now/now01649/u/36.jpg;$3.30;NOW-01649;+
21st Century, D3, 25 mcg (1,000 IU), 60 Tablets;https://cloudinary.images-iherb.com/image/upload/f_auto,q_auto:eco/images/cen/cen28030/u/0.jpg;$1.28;CEN-28030;+
NuNaturals, Oat Fiber Powder, 1 lb (454 g);https://cloudinary.images-iherb.com/image/upload/f_auto,q_auto:eco/images/nns/nns00701/u/16.jpg;$6.71;NNS-00701;+
Life Extension, Melatonin, 1 mg, 60 Capsules;https://cloudinary.images-iherb.com/image/upload/f_auto,q_auto:eco/images/lex/lex32906/u/94.jpg;$3.33;LEX-32906;+
Nature's Way, Niacin, Vitamin B3, 100 mg, 100 Capsules;https://cloudinary.images-iherb.com/image/upload/f_auto,q_auto:eco/images/nwy/nwy40470/u/47.jpg;$4.50;NWY-40470;+
21st Century, Biotin, 5,000 mcg, 110 Capsules;https://cloudinary.images-iherb.com/image/upload/f_auto,q_auto:eco/images/cen/cen27116/u/41.jpg;$6.12;CEN-27116;+
NOW Foods, Milk Thistle Extract, Double Strength , 300 mg, 200 Veg Capsules;https://cloudinary.images-iherb.com/image/upload/f_auto,q_auto:eco/images/now/now04753/u/51.jpg;$20.30;NOW-04753;+
NOW Foods, Inositol Capsules, 500 mg, 100 Veg Capsules;https://cloudinary.images-iherb.com/image/upload/f_auto,q_auto:eco/images/now/now00475/u/40.jpg;$7.78;NOW-00475;-
Lake Avenue Nutrition, Vitamin C, Quali-C, 1,000 mg, 60 Veggie Capsules;https://cloudinary.images-iherb.com/image/upload/f_auto,q_auto:eco/images/lkn/lkn01409/u/60.jpg;$3.50;LKN-01409;+
NOW Foods, Melatonin, 3 mg, 60 Veg Capsules;https://cloudinary.images-iherb.com/image/upload/f_auto,q_auto:eco/images/now/now03255/u/31.jpg;$3.82;NOW-03255;+
Life-flo, Liquid Iodine Plus, With Potassium Iodide & Iodine, Unflavored, 2 fl oz (59 ml);https://cloudinary.images-iherb.com/image/upload/f_auto,q_auto:eco/images/lfh/lfh91547/u/86.jpg;$5.90;LFH-91547;-
California Gold Nutrition, Hydrolyzed Collagen Peptides + Vitamin C, Type I & III, 250 Tablets;https://cloudinary.images-iherb.com/image/upload/f_auto,q_auto:eco/images/cgn/cgn01178/u/85.jpg;$8.82;CGN-01178;+
NOW Foods, NAC, 1000 mg, 120 Tablets;https://cloudinary.images-iherb.com/image/upload/f_auto,q_auto:eco/images/now/now00185/u/6.jpg;$20.35;NOW-00185;+
NOW Foods, Vitamin A, 10,000 IU, 100 Softgels;https://cloudinary.images-iherb.com/image/upload/f_auto,q_auto:eco/images/now/now00330/u/18.jpg;$4.43;NOW-00330;+
California Gold Nutrition, Gold C Powder, Vitamin C, 1,000 mg, 8.81 oz (250 g);https://cloudinary.images-iherb.com/image/upload/f_auto,q_auto:eco/images/cgn/cgn00935/u/129.jpg;$5.76;CGN-00935;+
Sports Research, Omega-3 Fish Oil, Triple Strength , 180 Softgels;https://cloudinary.images-iherb.com/image/upload/f_auto,q_auto:eco/images/sre/sre09153/u/24.jpg;$42.69;SRE-09153;-
Vital Proteins, Collagen Peptides, Unflavored, 1.25 lbs (567 g);https://cloudinary.images-iherb.com/image/upload/f_auto,q_auto:eco/images/vtp/vtp00508/u/57.jpg;$44.92;VTP-00508;+
NOW Foods, Vitamin D-3, 50 mcg (2,000 IU), 120 Softgels;https://cloudinary.images-iherb.com/image/upload/f_auto,q_auto:eco/images/now/now00367/u/10.jpg;$4.56;NOW-00367;+
NOW Foods, Whole Psyllium Husks, 16 oz (454 g);https://cloudinary.images-iherb.com/image/upload/f_auto,q_auto:eco/images/now/now05981/u/9.jpg;$10.42;NOW-05981;+
California Gold Nutrition, Buffered Vitamin C Capsules, 750 mg, 240 Veggie Capsules;https://cloudinary.images-iherb.com/image/upload/f_auto,q_auto:eco/images/cgn/cgn01237/u/114.jpg;$8.64;CGN-01237;+
Solaray, Vitamin D3 + K2, 60 VegCaps;https://cloudinary.images-iherb.com/image/upload/f_auto,q_auto:eco/images/sor/sor38584/u/53.jpg;$10.11;SOR-38584;+
Nature's Way, Alive! Once Daily, Women's Ultra Potency Complete Multivitamin, 60 Tablets;https://cloudinary.images-iherb.com/image/upload/f_auto,q_auto:eco/images/nwy/nwy15686/u/127.jpg;$19.33;NWY-15686;+
NOW Foods, Vitamin D-3 & K-2, 120 Veg Capsules;https://cloudinary.images-iherb.com/image/upload/f_auto,q_auto:eco/images/now/now00369/u/80.jpg;$8.82;NOW-00369;+
NOW Foods, Probiotic-10, 25 Billion, 50 Veg Capsules;https://cloudinary.images-iherb.com/image/upload/f_auto,q_auto:eco/images/now/now02926/u/26.jpg;$14.59;NOW-02926;-
Doctor's Best, Lutein from OptiLut, 10 mg, 120 Veggie Caps;https://cloudinary.images-iherb.com/image/upload/f_auto,q_auto:eco/images/drb/drb00143/u/79.jpg;$12.68;DRB-00143;+
NOW Foods, Quercetin with Bromelain, 120 Veg Capsules;https://cloudinary.images-iherb.com/image/upload/f_auto,q_auto:eco/images/now/now03070/u/26.jpg;$24.82;NOW-03070;+
California Gold Nutrition, L-Theanine, AlphaWave, Supports Relaxation, Calm Focus, 100 mg, 30 Veggie Capsules;https://cloudinary.images-iherb.com/image/upload/f_auto,q_auto:eco/images/cgn/cgn01244/u/94.jpg;$2.12;CGN-01244;+
NOW Foods, Biotin, 5,000 mcg, 120 Veg Capsules;https://cloudinary.images-iherb.com/image/upload/f_auto,q_auto:eco/images/now/now00474/u/11.jpg;$9.16;NOW-00474;+
NOW Foods, L-Arginine, Double Strength, 1,000 mg, 120 Tablets;https://cloudinary.images-iherb.com/image/upload/f_auto,q_auto:eco/images/now/now00035/u/32.jpg;$19.35;NOW-00035;+
California Gold Nutrition, LactoBif Probiotics, 100 Billion CFU, 30 Veggie Capsules;https://cloudinary.images-iherb.com/image/upload/f_auto,q_auto:eco/images/cgn/cgn01053/u/61.jpg;$25.50;CGN-01053;+
NOW Foods, Indole-3-Carbinol, 200 mg, 60 Veg Capsules;https://cloudinary.images-iherb.com/image/upload/f_auto,q_auto:eco/images/now/now03056/u/27.jpg;$17.14;NOW-03056;+
California Gold Nutrition, Baby's DHA, Omega-3s with Vitamin D3, 1050 mg, 2 fl oz (59 ml);https://cloudinary.images-iherb.com/image/upload/f_auto,q_auto:eco/images/cgn/cgn00871/u/123.jpg;$5.80;CGN-00871;+
Super Nutrition, Vitamin D3 + K2,  60 Veggie Capsules;https://cloudinary.images-iherb.com/image/upload/f_auto,q_auto:eco/images/spn/spn02123/u/10.jpg;$5.00;SPN-02123;+
NOW Foods, Propolis 1500, 100 Veg Capsules;https://cloudinary.images-iherb.com/image/upload/f_auto,q_auto:eco/images/now/now02540/u/15.jpg;$10.67;NOW-02540;+
California Gold Nutrition, Vanilla Flavor Plant-Based Protein, Vegan, Easy to Digest, 2 lb (907 g);https://cloudinary.images-iherb.com/image/upload/f_auto,q_auto:eco/images/cgn/cgn01350/u/10.jpg;$18.92;CGN-01350;+
Aurora Nutrascience, Mega-Liposomal Vitamin C, Organic Fruit Flavor, 3,000 mg, 16 fl oz (480 ml);https://cloudinary.images-iherb.com/image/upload/f_auto,q_auto:eco/images/aun/aun64800/u/24.jpg;$45.97;AUN-64800;+
California Gold Nutrition, Benfotiamine + Alpha Lipoic Acid, 30 Veggie Capsules;https://cloudinary.images-iherb.com/image/upload/f_auto,q_auto:eco/images/cgn/cgn02020/u/10.jpg;$4.50;CGN-02020;+
Neocell, Super Collagen + C, Collagen Type 1 & 3, 360 Tablets;https://cloudinary.images-iherb.com/image/upload/f_auto,q_auto:eco/images/nel/nel13016/u/98.jpg;$25.94;NEL-13016;-
NutriBiotic, Immunity, Sodium Ascorbate, Crystalline Powder, 8 oz (227 g);https://cloudinary.images-iherb.com/image/upload/f_auto,q_auto:eco/images/nbc/nbc00450/u/53.jpg;$10.10;NBC-00450;+
Thorne Research, Basic Prenatal, 90 Capsules;https://cloudinary.images-iherb.com/image/upload/f_auto,q_auto:eco/images/thr/thr01504/u/59.jpg;$28.00;THR-01504;+
Bluebonnet Nutrition, Vitamin A, 3,000 mcg, 100 Softgels;https://cloudinary.images-iherb.com/image/upload/f_auto,q_auto:eco/images/blb/blb00298/u/29.jpg;$6.01;BLB-00298;+
Jarrow Formulas, Pantothenic Acid B5, 500 mg, 100 Veggie Caps;https://cloudinary.images-iherb.com/image/upload/f_auto,q_auto:eco/images/jrw/jrw18010/u/43.jpg;$10.57;JRW-18010;+
Solaray, Niacinamide, 500 mg, 100 VegCaps;https://cloudinary.images-iherb.com/image/upload/f_auto,q_auto:eco/images/sor/sor04365/u/13.jpg;$5.42;SOR-04365;+
Lake Avenue Nutrition, PQQ, 20 mg, 60 Veggie Capsules;https://cloudinary.images-iherb.com/image/upload/f_auto,q_auto:eco/images/lkn/lkn01449/u/45.jpg;$11.00;LKN-01449;+
California Gold Nutrition, Trans-Resveratrol, Italian Sourced, 200 mg, 60 Veggie Capsules;https://cloudinary.images-iherb.com/image/upload/f_auto,q_auto:eco/images/cgn/cgn01174/u/40.jpg;$13.60;CGN-01174;+
Enzymedica, Digest Basic, Essential Enzyme Formula, 180 Capsules;https://cloudinary.images-iherb.com/image/upload/f_auto,q_auto:eco/images/enz/enz29011/u/18.jpg;$22.22;ENZ-29011;-
MRM, Moringa Leaf, 60 Vegan Capsules;https://cloudinary.images-iherb.com/image/upload/f_auto,q_auto:eco/images/mrm/mrm80020/u/33.jpg;$6.65;MRM-80020;+
21st Century, B-50 Complex, Prolonged Release, 60 Tablets;https://cloudinary.images-iherb.com/image/upload/f_auto,q_auto:eco/images/cen/cen22251/u/24.jpg;$5.11;CEN-22251;+
Doctor's Best, Glucosamine Chondroitin MSM with OptiMSM, 120 Veggie Caps;https://cloudinary.images-iherb.com/image/upload/f_auto,q_auto:eco/images/drb/drb00080/u/106.jpg;$14.14;DRB-00080;-
Solgar, Omega-3, EPA & DHA, Triple Strength, 950 mg, 100 Softgels;https://cloudinary.images-iherb.com/image/upload/f_auto,q_auto:eco/images/sol/sol02058/u/100.jpg;$33.74;SOL-02058;+
NOW Foods, 5-HTP, 100 mg, 120 Veg Capsules;https://cloudinary.images-iherb.com/image/upload/f_auto,q_auto:eco/images/now/now00106/u/32.jpg;$15.94;NOW-00106;+
Natrol, Melatonin, Extra Strength, 5 mg, 60 Tablets;https://cloudinary.images-iherb.com/image/upload/f_auto,q_auto:eco/images/ntl/ntl04462/u/29.jpg;$6.50;NTL-04462;+
NOW Foods, Vitamin A, 25,000 IU, 250 Softgels;https://cloudinary.images-iherb.com/image/upload/f_auto,q_auto:eco/images/now/now00342/u/20.jpg;$12.71;NOW-00342;+
California Gold Nutrition, Organic Spirulina, 500 mg, 240 Tablets;https://cloudinary.images-iherb.com/image/upload/f_auto,q_auto:eco/images/cgn/cgn01362/u/145.jpg;$8.00;CGN-01362;+
Life Extension, Super Omega-3, 240 Softgels;https://cloudinary.images-iherb.com/image/upload/f_auto,q_auto:eco/images/lex/lex19862/u/70.jpg;$20.16;LEX-19862;+
NOW Foods, Methyl B-12, 1,000 mcg, 100 Lozenges;https://cloudinary.images-iherb.com/image/upload/f_auto,q_auto:eco/images/now/now00495/u/23.jpg;$8.03;NOW-00495;+
Nordic Naturals, Ultimate Omega, Lemon, 640 mg, 180 Soft Gels;https://cloudinary.images-iherb.com/image/upload/f_auto,q_auto:eco/images/nor/nor03790/u/71.jpg;$54.33;NOR-03790;+
NOW Foods, Iron, 18 mg, 120 Veg Capsules;https://cloudinary.images-iherb.com/image/upload/f_auto,q_auto:eco/images/now/now01443/u/30.jpg;$7.65;NOW-01443;+
Irwin Naturals, 3-in-1 Carb Blocker, Maximum Strength, 150 Liquid Soft-Gels;https://cloudinary.images-iherb.com/image/upload/f_auto,q_auto:eco/images/irw/irw58135/u/24.jpg;$32.95;IRW-58135;-
Lake Avenue Nutrition, Vitamin D3, 125 mcg (5,000 IU), 360 Softgels;https://cloudinary.images-iherb.com/image/upload/f_auto,q_auto:eco/images/lkn/lkn01418/u/87.jpg;$6.00;LKN-01418;+
NOW Foods, Super Enzymes, 90 Capsules;https://cloudinary.images-iherb.com/image/upload/f_auto,q_auto:eco/images/now/now02963/u/11.jpg;$13.78;NOW-02963;-
Irwin Naturals, Stored-Fat Belly Burner, 60 Liquid Soft-Gels;https://cloudinary.images-iherb.com/image/upload/f_auto,q_auto:eco/images/irw/irw58638/u/21.jpg;$17.62;IRW-58638;+
NOW Foods, Sunflower Lecithin, Pure Powder, 1 lb (454 g);https://cloudinary.images-iherb.com/image/upload/f_auto,q_auto:eco/images/now/now02314/u/6.jpg;$18.70;NOW-02314;+
Life Extension, Super Selenium Complex & Vitamin E, 200 mcg, 100 Vegetarian Capsules;https://cloudinary.images-iherb.com/image/upload/f_auto,q_auto:eco/images/lex/lex17781/u/172.jpg;$8.13;LEX-17781;+
Yerba Prima, Great Plains, Bentonite, Detox, 16 fl oz (473 ml);https://cloudinary.images-iherb.com/image/upload/f_auto,q_auto:eco/images/ybp/ybp00519/u/3.jpg;$11.93;YBP-00519;+
California Gold Nutrition, Curcumin C3 Complex with BioPerine, 500 mg, 120 Veggie Capsules;https://cloudinary.images-iherb.com/image/upload/f_auto,q_auto:eco/images/cgn/cgn00940/u/100.jpg;$18.85;CGN-00940;+
NOW Foods, D-Mannose, 500 mg, 120 Veg Capsules;https://cloudinary.images-iherb.com/image/upload/f_auto,q_auto:eco/images/now/now02811/u/51.jpg;$15.99;NOW-02811;+
Natural Factors, Vitamin C, Time Release, 1,000 mg, 180 Tablets;https://cloudinary.images-iherb.com/image/upload/f_auto,q_auto:eco/images/nfs/nfs01342/u/24.jpg;$10.71;NFS-01342;+
Neocell, Super Collagen + Vitamin C, 250 Tablets;https://cloudinary.images-iherb.com/image/upload/f_auto,q_auto:eco/images/nel/nel12896/u/65.jpg;$22.09;NEL-12896;+
Thorne Research, Adrenal Cortex, 60 Capsules;https://cloudinary.images-iherb.com/image/upload/f_auto,q_auto:eco/images/thr/thr80303/u/19.jpg;$13.00;THR-80303;+
Xlear, Xylitol Saline Nasal Spray, Fast Relief, 1.5 fl oz (45 ml);https://cloudinary.images-iherb.com/image/upload/f_auto,q_auto:eco/images/xlr/xlr00000/u/11.jpg;$10.08;XLR-00000;+
Thorne Research, NAC, 90 Capsules;https://cloudinary.images-iherb.com/image/upload/f_auto,q_auto:eco/images/thr/thr56002/u/15.jpg;$25.00;THR-56002;+
21st Century, Mega Multi for Men, Multivitamin & Multimineral, 90 Tablets;https://cloudinary.images-iherb.com/image/upload/f_auto,q_auto:eco/images/cen/cen22658/u/25.jpg;$10.46;CEN-22658;+
California Gold Nutrition, Children's Liquid Vitamin C, Orange Flavor, 4 fl oz (118 ml);https://cloudinary.images-iherb.com/image/upload/f_auto,q_auto:eco/images/cgn/cgn01099/u/139.jpg;$5.25;CGN-01099;+
Lake Avenue Nutrition,  Omega-3 Fish Oil, 1250 mg, 30 Fish Gelatin Softgels;https://cloudinary.images-iherb.com/image/upload/f_auto,q_auto:eco/images/lkn/lkn01861/u/10.jpg;$4.50;LKN-01861;+
NOW Foods, Zinc Glycinate, 120 Softgels;https://cloudinary.images-iherb.com/image/upload/f_auto,q_auto:eco/images/now/now01554/u/8.jpg;$8.62;NOW-01554;+
Doctor's Best, Fully Active B Complex with Quatrefolic, 60 Veggie Caps;https://cloudinary.images-iherb.com/image/upload/f_auto,q_auto:eco/images/drb/drb00501/u/18.jpg;$15.62;DRB-00501;-
Natural Factors, Quercetin, 500 mg, 60 Vegetarian Capsules;https://cloudinary.images-iherb.com/image/upload/f_auto,q_auto:eco/images/nfs/nfs01390/u/24.jpg;$9.98;NFS-01390;+
NOW Foods, Apple Pectin, 700 mg, 120 Veg Capsules;https://cloudinary.images-iherb.com/image/upload/f_auto,q_auto:eco/images/now/now06425/u/25.jpg;$11.56;NOW-06425;+
Nature's Way, Alive! Hair, Skin & Nails with Collagen & Biotin, Strawberry, 60 Gummies;https://cloudinary.images-iherb.com/image/upload/f_auto,q_auto:eco/images/nwy/nwy11534/u/34.jpg;$10.49;NWY-11534;-
California Gold Nutrition, Immune 4, Immune System Support, 180 Veggie Capsules;https://cloudinary.images-iherb.com/image/upload/f_auto,q_auto:eco/images/cgn/cgn01856/u/72.jpg;$7.50;CGN-01856;+
Super Nutrition, Super Immune, Seasonal Wellness Multivitamin, 240 Tablets;https://cloudinary.images-iherb.com/image/upload/f_auto,q_auto:eco/images/spn/spn02015/u/8.jpg;$44.00;SPN-02015;+
NOW Foods, Glutathione, 500 mg, 60 Veg Capsules;https://cloudinary.images-iherb.com/image/upload/f_auto,q_auto:eco/images/now/now00104/u/20.jpg;$26.86;NOW-00104;+
Doctor's Best, Alpha-Lipoic Acid, 600 mg, 60 Veggie Caps;https://cloudinary.images-iherb.com/image/upload/f_auto,q_auto:eco/images/drb/drb00133/u/91.jpg;$11.60;DRB-00133;-
Lake Avenue Nutrition, Magnesium Complex, 300 mg, 250 Tablets;https://cloudinary.images-iherb.com/image/upload/f_auto,q_auto:eco/images/lkn/lkn01660/u/73.jpg;$8.00;LKN-01660;+
GummiKing, Multi-Vitamin + Mineral for Kids, Strawberry, Orange, Lemon, Grape, Cherry and Grapefruit, 60 Gummies;https://cloudinary.images-iherb.com/image/upload/f_auto,q_auto:eco/images/gum/gum00068/u/38.jpg;$6.65;GUM-00068;+
California Gold Nutrition, Silymarin Complex, Liver Health, Milk Thistle, Curcumin, Artichoke, Dandelion, Ginger, Black Pepper, 360 Veggie Capsules;https://cloudinary.images-iherb.com/image/upload/f_auto,q_auto:eco/images/cgn/cgn01378/u/71.jpg;$24.00;CGN-01378;+
California Gold Nutrition, Silymarin Complex, 120 Veggie Capsules;https://cloudinary.images-iherb.com/image/upload/f_auto,q_auto:eco/images/cgn/cgn00956/u/114.jpg;$14.00;CGN-00956;-
NOW Foods, Niacinamide, 500 mg, 100 Veg Capsules;https://cloudinary.images-iherb.com/image/upload/f_auto,q_auto:eco/images/now/now00478/u/31.jpg;$6.49;NOW-00478;+
Natrol, Melatonin, Advanced Sleep, Time Release, 10 mg, 60 Tablets;https://cloudinary.images-iherb.com/image/upload/f_auto,q_auto:eco/images/ntl/ntl05964/u/66.jpg;$7.74;NTL-05964;+
California Gold Nutrition, Buffered Vitamin C Capsules, 750 mg, 60 Veggie Capsules;https://cloudinary.images-iherb.com/image/upload/f_auto,q_auto:eco/images/cgn/cgn01236/u/79.jpg;$1.00;CGN-01236;+
California Gold Nutrition, Full Spectrum Vitamin K2, 120 mcg, 60 Veggie Capsules;https://cloudinary.images-iherb.com/image/upload/f_auto,q_auto:eco/images/cgn/cgn01299/u/115.jpg;$10.00;CGN-01299;+
Lake Avenue Nutrition, CoQ10, USP Grade, 100 mg, 360 Veggie Capsules;https://cloudinary.images-iherb.com/image/upload/f_auto,q_auto:eco/images/lkn/lkn01416/u/81.jpg;$26.00;LKN-01416;+
Source Naturals, Ultra-Mag, 120 Tablets;https://cloudinary.images-iherb.com/image/upload/f_auto,q_auto:eco/images/sns/sns00803/u/20.jpg;$12.78;SNS-00803;-
California Gold Nutrition, Vitamin D3 Gummies, No Gelatin, No Gluten, Mixed Berry & Fruit Flavors, 25 mcg (1,000 IU), 90 Gummies;https://cloudinary.images-iherb.com/image/upload/f_auto,q_auto:eco/images/cgn/cgn01196/u/137.jpg;$7.65;CGN-01196;+
21st Century, Acidophilus Probiotic Blend, 150 Capsules;https://cloudinary.images-iherb.com/image/upload/f_auto,q_auto:eco/images/cen/cen22928/u/16.jpg;$8.64;CEN-22928;+
Doctor's Best, High Absorption CoQ10 with BioPerine, 100 mg, 120 Softgels;https://cloudinary.images-iherb.com/image/upload/f_auto,q_auto:eco/images/drb/drb00183/u/99.jpg;$17.50;DRB-00183;-
Life Extension, N-Acetyl-L-Cysteine, 600 mg, 60 Capsules;https://cloudinary.images-iherb.com/image/upload/f_auto,q_auto:eco/images/lex/lex15436/u/98.jpg;$8.78;LEX-15436;+
NOW Foods, NAC, 600 mg, 250 Veg Capsules;https://cloudinary.images-iherb.com/image/upload/f_auto,q_auto:eco/images/now/now00086/u/45.jpg;$30.06;NOW-00086;+
California Gold Nutrition, L-Theanine, 200 mg, 60 Veggie Capsules;https://cloudinary.images-iherb.com/image/upload/f_auto,q_auto:eco/images/cgn/cgn01242/u/81.jpg;$5.00;CGN-01242;+
California Gold Nutrition, Organic Spirulina, 500 mg, 60 Tablets;https://cloudinary.images-iherb.com/image/upload/f_auto,q_auto:eco/images/cgn/cgn01175/u/131.jpg;$2.80;CGN-01175;+
California Gold Nutrition, SPORT - Whey Protein Isolate, 1 lb, 16 oz (454 g);https://cloudinary.images-iherb.com/image/upload/f_auto,q_auto:eco/images/cgn/cgn01064/u/88.jpg;$23.00;CGN-01064;+
Solaray, Kids Vitamins & Minerals, Chewable, Natural Black Cherry, 120 Chewables;https://cloudinary.images-iherb.com/image/upload/f_auto,q_auto:eco/images/sor/sor04797/u/22.jpg;$9.40;SOR-04797;+
Mommy's Bliss, Gripe Water, Original, Age 2 Weeks+, 4 fl oz (120 ml);https://cloudinary.images-iherb.com/image/upload/f_auto,q_auto:eco/images/bab/bab05299/u/73.jpg;$13.17;BAB-05299;+
Thorne Research, Vitamin D/K2, 1 fl oz (30 ml);https://cloudinary.images-iherb.com/image/upload/f_auto,q_auto:eco/images/thr/thr50001/u/69.jpg;$26.00;THR-50001;+
NOW Foods, Omega-3, 180 EPA / 120 DHA, 500 Softgels;https://cloudinary.images-iherb.com/image/upload/f_auto,q_auto:eco/images/now/now01653/u/51.jpg;$22.45;NOW-01653;+
NOW Foods, Double Strength L-Lysine, 1,000 mg, 100 Tablets;https://cloudinary.images-iherb.com/image/upload/f_auto,q_auto:eco/images/now/now00113/u/41.jpg;$8.87;NOW-00113;+
Natrol, DHEA, 50 mg, 60 Tablets;https://cloudinary.images-iherb.com/image/upload/f_auto,q_auto:eco/images/ntl/ntl16106/u/27.jpg;$7.04;NTL-16106;-
California Gold Nutrition, Lactobif 25 Billion + Cranmax, 30 Veggie Capsules;https://cloudinary.images-iherb.com/image/upload/f_auto,q_auto:eco/images/cgn/cgn01334/u/45.jpg;$8.50;CGN-01334;+
Sports Research, SUPERBA 2 Antarctic Krill Oil with Astaxanthin, 1,000 mg, 60 Softgels;https://cloudinary.images-iherb.com/image/upload/f_auto,q_auto:eco/images/sre/sre00453/u/28.jpg;$27.14;SRE-00453;+
Natrol, Melatonin, Fast Dissolve, Extra Strength, Strawberry, 5 mg, 90 Tablets;https://cloudinary.images-iherb.com/image/upload/f_auto,q_auto:eco/images/ntl/ntl05865/u/26.jpg;$7.46;NTL-05865;+
Aurora Nutrascience, Mega-Liposomal Glutathione+, Plus Vitamin C, Organic Fruit, 750 mg, 16 fl oz (480 ml);https://cloudinary.images-iherb.com/image/upload/f_auto,q_auto:eco/images/aun/aun64801/u/24.jpg;$58.64;AUN-64801;+
California Gold Nutrition, BCAA, AjiPure® Branched Chain Amino Acids, 500 mg, 60 Veggie Caps;https://cloudinary.images-iherb.com/image/upload/f_auto,q_auto:eco/images/cgn/cgn01127/u/66.jpg;$5.00;CGN-01127;+
Doctor's Best, Fully Active B12, 1,500 mcg, 60 Veggie Caps;https://cloudinary.images-iherb.com/image/upload/f_auto,q_auto:eco/images/drb/drb00286/u/55.jpg;$4.82;DRB-00286;+
NOW Foods, Vitamin D-3, 50,000 IU, 50 Softgels;https://cloudinary.images-iherb.com/image/upload/f_auto,q_auto:eco/images/now/now00378/u/8.jpg;$12.26;NOW-00378;+
NOW Foods, Chlorophyll, 100 mg, 90 Veg Capsules;https://cloudinary.images-iherb.com/image/upload/f_auto,q_auto:eco/images/now/now02645/u/7.jpg;$12.34;NOW-02645;+
NOW Foods, Mega D-3 & MK-7, 180 mcg (5,000 IU), 60 Veg Capsules;https://cloudinary.images-iherb.com/image/upload/f_auto,q_auto:eco/images/now/now00384/u/30.jpg;$16.43;NOW-00384;+
21st Century, Cranberry Plus Probiotic, 60 Tablets;https://cloudinary.images-iherb.com/image/upload/f_auto,q_auto:eco/images/cen/cen27848/u/26.jpg;$6.68;CEN-27848;+
Solaray, Niacin, 100 mg, 100 VegCaps;https://cloudinary.images-iherb.com/image/upload/f_auto,q_auto:eco/images/sor/sor04359/u/22.jpg;$4.09;SOR-04359;+
Doctor's Best, MSM with OptiMSM, 1,500 mg, 120 Tablets;https://cloudinary.images-iherb.com/image/upload/f_auto,q_auto:eco/images/drb/drb00097/u/170.jpg;$8.98;DRB-00097;-
Life Extension, Sea-Iodine, 1,000 mcg, 60 Vegetarian Capsules;https://cloudinary.images-iherb.com/image/upload/f_auto,q_auto:eco/images/lex/lex17406/u/149.jpg;$5.82;LEX-17406;+
Gerber, VitaGummies for Kids, Lil Brainies, Omega Tri-Blend & DHA, Ages 2+, Lemon, Grape, Strawberry, & Orange, 60 Gummies;https://cloudinary.images-iherb.com/image/upload/f_auto,q_auto:eco/images/gbr/gbr93542/u/56.jpg;$7.76;GBR-93542;+
Quality of Life Labs, Kinoko Platinum AHCC, 750 mg, 60 Vegicaps;https://cloudinary.images-iherb.com/image/upload/f_auto,q_auto:eco/images/qll/qll00337/u/22.jpg;$70.26;QLL-00337;-
21st Century, One Daily, Women's, 100 Tablets;https://cloudinary.images-iherb.com/image/upload/f_auto,q_auto:eco/images/cen/cen27308/u/49.jpg;$5.79;CEN-27308;+
Nature's Answer, Propolis Extract, Alcohol-Free, 2,000 mg, 1 fl oz (30 ml);https://cloudinary.images-iherb.com/image/upload/f_auto,q_auto:eco/images/nta/nta00657/u/48.jpg;$10.21;NTA-00657;+
NOW Foods, Silymarin, Milk Thistle Extract, 150 mg, 120 Veg Capsules;https://cloudinary.images-iherb.com/image/upload/f_auto,q_auto:eco/images/now/now04737/u/17.jpg;$9.22;NOW-04737;+
Jarrow Formulas, Glutathione Reduced, 500 mg, 120 Veggie Caps;https://cloudinary.images-iherb.com/image/upload/f_auto,q_auto:eco/images/jrw/jrw15066/u/73.jpg;$44.65;JRW-15066;+
California Gold Nutrition, SUPERFOODS, Organic Chia Seeds, 12 oz (340 g);https://cloudinary.images-iherb.com/image/upload/f_auto,q_auto:eco/images/cgn/cgn01217/u/7.jpg;$5.28;CGN-01217;+
NOW Foods, Betaine HCL, 648 mg, 120 Veg Capsules;https://cloudinary.images-iherb.com/image/upload/f_auto,q_auto:eco/images/now/now02938/u/27.jpg;$12.94;NOW-02938;+
NOW Foods, L-OptiZinc, 30 mg, 100 Veg Capsules;https://cloudinary.images-iherb.com/image/upload/f_auto,q_auto:eco/images/now/now01510/u/16.jpg;$6.95;NOW-01510;+
NOW Foods, Magnesium Malate, 1,000 mg, 180 Tablets;https://cloudinary.images-iherb.com/image/upload/f_auto,q_auto:eco/images/now/now01300/u/59.jpg;$12.66;NOW-01300;+
Nutiva, Organic Coconut Oil, Buttery, 14 fl oz (414 ml);https://cloudinary.images-iherb.com/image/upload/f_auto,q_auto:eco/images/nut/nut10676/u/62.jpg;$9.98;NUT-10676;+
NOW Foods, Methyl Folate, 1,000 mcg, 90 Tablets;https://cloudinary.images-iherb.com/image/upload/f_auto,q_auto:eco/images/now/now00491/u/38.jpg;$12.18;NOW-00491;+
NOW Foods, ADAM, Superior Men's Multi, 180 Softgels;https://cloudinary.images-iherb.com/image/upload/f_auto,q_auto:eco/images/now/now03881/u/49.jpg;$40.54;NOW-03881;+
21st Century, B-100 Complex, Prolonged Release, 60 Tablets;https://cloudinary.images-iherb.com/image/upload/f_auto,q_auto:eco/images/cen/cen22282/u/23.jpg;$7.72;CEN-22282;+
Garden of Life, Vitamin Code, RAW Calcium, 120 Vegetarian Capsules;https://cloudinary.images-iherb.com/image/upload/f_auto,q_auto:eco/images/gol/gol11390/u/17.jpg;$37.64;GOL-11390;+
NOW Foods, Niacin, 500 mg, 250 Tablets;https://cloudinary.images-iherb.com/image/upload/f_auto,q_auto:eco/images/now/now00482/u/46.jpg;$14.50;NOW-00482;+
NOW Foods, B-1, 100 mg, 100 Tablets;https://cloudinary.images-iherb.com/image/upload/f_auto,q_auto:eco/images/now/now00446/u/8.jpg;$5.14;NOW-00446;+
Nature's Way, Alive! Kids, Premium Multivitamin, Cherry, Orange & Grape, 90 Gummies;https://cloudinary.images-iherb.com/image/upload/f_auto,q_auto:eco/images/nwy/nwy15789/u/24.jpg;$14.45;NWY-15789;+
California Gold Nutrition, Magnesium Bisglycinate, 200 mg, 240 Veggie Capsules;https://cloudinary.images-iherb.com/image/upload/f_auto,q_auto:eco/images/cgn/cgn01902/u/35.jpg;$20.00;CGN-01902;+
NOW Foods, EGCg, Green Tea Extract, 400 mg, 180 Veg Capsules;https://cloudinary.images-iherb.com/image/upload/f_auto,q_auto:eco/images/now/now04757/u/6.jpg;$17.62;NOW-04757;+
Jarrow Formulas, Methyl B-12 & Methyl Folate, Lemon, 100 Chewable Tablets;https://cloudinary.images-iherb.com/image/upload/f_auto,q_auto:eco/images/jrw/jrw18018/u/40.jpg;$12.72;JRW-18018;+
Doctor's Best, MSM Powder with OptiMSM, 8.8 oz (250 g);https://cloudinary.images-iherb.com/image/upload/f_auto,q_auto:eco/images/drb/drb00076/u/95.jpg;$10.36;DRB-00076;-
Solaray, Iron, 50 mg, 60 VegCaps;https://cloudinary.images-iherb.com/image/upload/f_auto,q_auto:eco/images/sor/sor46105/u/21.jpg;$5.88;SOR-46105;-
NOW Foods, Selenium, 100 mcg, 100 Tablets;https://cloudinary.images-iherb.com/image/upload/f_auto,q_auto:eco/images/now/now01480/u/24.jpg;$3.86;NOW-01480;+
Natrol, Melatonin, Strawberry, 10 mg, 90 Gummies;https://cloudinary.images-iherb.com/image/upload/f_auto,q_auto:eco/images/ntl/ntl07331/u/18.jpg;$10.61;NTL-07331;+
Jarrow Formulas, Glutathione Reduced, 500 mg, 60 Veggie Caps;https://cloudinary.images-iherb.com/image/upload/f_auto,q_auto:eco/images/jrw/jrw15039/u/37.jpg;$24.81;JRW-15039;+
Nature's Bounty, Acidophilus Probiotic, 120 Tablets;https://cloudinary.images-iherb.com/image/upload/f_auto,q_auto:eco/images/nrt/nrt02610/u/37.jpg;$9.27;NRT-02610;+
Nature's Way, Vitex Fruit, 400 mg, 100 Vegan Capsules;https://cloudinary.images-iherb.com/image/upload/f_auto,q_auto:eco/images/nwy/nwy11750/u/48.jpg;$7.33;NWY-11750;+
Solaray, Magnesium Citrate, 133 mg, 180 VegCaps;https://cloudinary.images-iherb.com/image/upload/f_auto,q_auto:eco/images/sor/sor37402/u/27.jpg;$12.12;SOR-37402;+
21st Century, Healthy Eyes, Lutein and Antioxidants, 60 Tablets;https://cloudinary.images-iherb.com/image/upload/f_auto,q_auto:eco/images/cen/cen27452/u/39.jpg;$4.45;CEN-27452;+
NOW Foods, Extra Strength Melatonin, 10 mg, 100 Veg Capsules;https://cloudinary.images-iherb.com/image/upload/f_auto,q_auto:eco/images/now/now03557/u/24.jpg;$11.10;NOW-03557;+
California Gold Nutrition, Premium Krill Oil with Superba2, 1,000 mg, 60 Softgels;https://cloudinary.images-iherb.com/image/upload/f_auto,q_auto:eco/images/cgn/cgn01808/u/17.jpg;$14.00;CGN-01808;+
Jarrow Formulas, Jarro-Dophilus EPS, 5 Billion, 120 Veggie Caps;https://cloudinary.images-iherb.com/image/upload/f_auto,q_auto:eco/images/jrw/jrw03024/u/70.jpg;$24.73;JRW-03024;+
Doctor's Best, Fisetin with Novusetin, 100 mg, 30 Veggie Caps;https://cloudinary.images-iherb.com/image/upload/f_auto,q_auto:eco/images/drb/drb00227/u/43.jpg;$14.52;DRB-00227;-
Thorne Research, Calcium-Magnesium Malate, 240 Capsules;https://cloudinary.images-iherb.com/image/upload/f_auto,q_auto:eco/images/thr/thr00671/u/11.jpg;$32.00;THR-00671;+
California Gold Nutrition, Antarctic Krill Oil, with Astaxanthin, RIMFROST, Natural Strawberry & Lemon Flavor, 500 mg, 120 Fish Gelatin Softgels;https://cloudinary.images-iherb.com/image/upload/f_auto,q_auto:eco/images/cgn/cgn01101/u/77.jpg;$12.19;CGN-01101;+
NOW Foods, Glutathione, 250 mg, 60 Veg Capsules;https://cloudinary.images-iherb.com/image/upload/f_auto,q_auto:eco/images/now/now00096/u/57.jpg;$15.82;NOW-00096;+
NOW Foods, DHA-500, Double Strength, 180 Softgels;https://cloudinary.images-iherb.com/image/upload/f_auto,q_auto:eco/images/now/now01613/u/9.jpg;$25.74;NOW-01613;+
NOW Foods, Milk Thistle Extract, Double Strength, 300 mg, 100 Veg Capsules;https://cloudinary.images-iherb.com/image/upload/f_auto,q_auto:eco/images/now/now04739/u/77.jpg;$12.94;NOW-04739;+
NaturesPlus, Source of Life, Animal Parade Gold, Children's Chewable Multi-Vitamin & Mineral Supplement, Assorted, 120 Animal-Shaped Tablets;https://cloudinary.images-iherb.com/image/upload/f_auto,q_auto:eco/images/nap/nap29928/u/66.jpg;$18.22;NAP-29928;+
Solaray, Tongkat Ali, 400 mg, 60 VegCaps;https://cloudinary.images-iherb.com/image/upload/f_auto,q_auto:eco/images/sor/sor54433/u/40.jpg;$6.31;SOR-54433;+
Neocell, Super Collagen + Vitamin C, 120 Tablets;https://cloudinary.images-iherb.com/image/upload/f_auto,q_auto:eco/images/nel/nel12895/u/62.jpg;$13.93;NEL-12895;+
Life Extension, Magnesium (Citrate), 100 mg, 100 Vegetarian Capsules;https://cloudinary.images-iherb.com/image/upload/f_auto,q_auto:eco/images/lex/lex16821/u/79.jpg;$9.07;LEX-16821;+
Nature's Way, Alive! Women's Gummy Complete Multivitamin, Mixed Berry, 130 Gummies;https://cloudinary.images-iherb.com/image/upload/f_auto,q_auto:eco/images/nwy/nwy11536/u/34.jpg;$21.67;NWY-11536;+
Source Naturals, Sleep Science, NightRest with Melatonin, 100 Tablets;https://cloudinary.images-iherb.com/image/upload/f_auto,q_auto:eco/images/sns/sns00358/u/17.jpg;$12.40;SNS-00358;+
NutriBiotic, Immunity, Sodium Ascorbate, Crystalline Powder, 16 oz (454 g);https://cloudinary.images-iherb.com/image/upload/f_auto,q_auto:eco/images/nbc/nbc00451/u/32.jpg;$17.01;NBC-00451;+
Codeage, Antioxidant, Liposomal Glutathione, 60 Capsules;https://cloudinary.images-iherb.com/image/upload/f_auto,q_auto:eco/images/age/age00822/u/8.jpg;$31.08;AGE-00822;+
California Gold Nutrition, SUPERFOOD - Organic Matcha Green Tea Powder, 4 oz;https://cloudinary.images-iherb.com/image/upload/f_auto,q_auto:eco/images/cgn/cgn01310/u/16.jpg;$12.00;CGN-01310;+
California Gold Nutrition, L-Glutamine, AjiPure, 500 mg, 120 Veggie Capsules;https://cloudinary.images-iherb.com/image/upload/f_auto,q_auto:eco/images/cgn/cgn01923/u/10.jpg;$7.00;CGN-01923;+
California Gold Nutrition, SUPERFOODS - Organic Cacao Powder, 8.5 oz (240 g);https://cloudinary.images-iherb.com/image/upload/f_auto,q_auto:eco/images/cgn/cgn01214/u/10.jpg;$5.00;CGN-01214;-
Neocell, Super Collagen Peptides, Unflavored, 7 oz (200 g);https://cloudinary.images-iherb.com/image/upload/f_auto,q_auto:eco/images/nel/nel01986/u/68.jpg;$15.32;NEL-01986;+
California Gold Nutrition, 100% Whey Protein Isolate, Dark Chocolate, 2 lbs (907 g);https://cloudinary.images-iherb.com/image/upload/f_auto,q_auto:eco/images/cgn/cgn01202/u/16.jpg;$28.05;CGN-01202;+
NOW Foods, Double Strength L-Theanine, 200 mg, 120 Veg Capsules;https://cloudinary.images-iherb.com/image/upload/f_auto,q_auto:eco/images/now/now00148/u/10.jpg;$22.49;NOW-00148;+
Sundown Naturals, Calcium, Magnesium & Zinc, 100 Caplets;https://cloudinary.images-iherb.com/image/upload/f_auto,q_auto:eco/images/sdn/sdn00325/u/55.jpg;$5.52;SDN-00325;+
21st Century, L-Arginine, 1,000 mg, 100 Tablets;https://cloudinary.images-iherb.com/image/upload/f_auto,q_auto:eco/images/cen/cen27086/u/13.jpg;$10.54;CEN-27086;+
Oslomega, Norwegian  Omega-3 Fish Oil, 750 mg EPA, 500 mg DHA, Natural Lemon Flavor, 180 Fish Gelatin Softgels;https://cloudinary.images-iherb.com/image/upload/f_auto,q_auto:eco/images/osl/osl01394/u/44.jpg;$15.66;OSL-01394;+
Natural Factors, CranRich, Super Strength, Cranberry Concentrate, 500 mg, 180 Capsules;https://cloudinary.images-iherb.com/image/upload/f_auto,q_auto:eco/images/nfs/nfs04513/u/22.jpg;$14.15;NFS-04513;+
Doctor's Best, High Absorption Curcumin, 500 mg, 120 Capsules;https://cloudinary.images-iherb.com/image/upload/f_auto,q_auto:eco/images/drb/drb00107/u/98.jpg;$30.23;DRB-00107;+
Life Extension, One-Per-Day Multivitamin, 60 Tablets;https://cloudinary.images-iherb.com/image/upload/f_auto,q_auto:eco/images/lex/lex23136/u/50.jpg;$19.01;LEX-23136;+
Dr. Mercola, Liposomal Vitamin C, 500 mg, 180 Capsules;https://cloudinary.images-iherb.com/image/upload/f_auto,q_auto:eco/images/mcl/mcl01559/u/26.jpg;$43.09;MCL-01559;+
NOW Foods, MK-7 Vitamin K-2 , 100 mcg, 120 Veg Capsules;https://cloudinary.images-iherb.com/image/upload/f_auto,q_auto:eco/images/now/now00993/u/46.jpg;$23.17;NOW-00993;+
Doctor's Best, Extra Strength Ginkgo, 120 mg, 120 Veggie Caps;https://cloudinary.images-iherb.com/image/upload/f_auto,q_auto:eco/images/drb/drb00091/u/131.jpg;$9.14;DRB-00091;-
21st Century, VitaJoy Melatonin Gummies, 2.5 mg, 120 Gummies;https://cloudinary.images-iherb.com/image/upload/f_auto,q_auto:eco/images/cen/cen27770/u/37.jpg;$11.42;CEN-27770;+
Lake Avenue Nutrition, CoQ10, USP Grade, 100 mg, 120 Veggie Capsules;https://cloudinary.images-iherb.com/image/upload/f_auto,q_auto:eco/images/lkn/lkn01414/u/71.jpg;$9.36;LKN-01414;+
Jarrow Formulas, MSM, 1,000 mg, 200 Veggie Caps;https://cloudinary.images-iherb.com/image/upload/f_auto,q_auto:eco/images/jrw/jrw19013/u/29.jpg;$13.17;JRW-19013;+
NOW Foods, UC-II Joint Health with Undenatured Type II Collagen, 120 Veg Capsules;https://cloudinary.images-iherb.com/image/upload/f_auto,q_auto:eco/images/now/now03136/u/27.jpg;$36.46;NOW-03136;+
Jarrow Formulas, Methyl B-12, Lemon, 1,000 mcg, 100 Chewable Lozenges;https://cloudinary.images-iherb.com/image/upload/f_auto,q_auto:eco/images/jrw/jrw18001/u/21.jpg;$7.55;JRW-18001;+
Nature's Way, Alive! Kids, Complete Multivitamin, Cherry, Orange & Grape , 60 Gummies;https://cloudinary.images-iherb.com/image/upload/f_auto,q_auto:eco/images/nwy/nwy15788/u/19.jpg;$9.49;NWY-15788;+
California Gold Nutrition, Women’s Multivitamin Gummies, Mixed Berry and Fruit Flavors, 90 Gummies;https://cloudinary.images-iherb.com/image/upload/f_auto,q_auto:eco/images/cgn/cgn01199/u/78.jpg;$7.20;CGN-01199;+
Nature's Bounty, Optimal Solutions, Extra Strength Hair, Skin & Nails, 150 Rapid Release Liquid Softgels;https://cloudinary.images-iherb.com/image/upload/f_auto,q_auto:eco/images/nrt/nrt35710/u/81.jpg;$18.50;NRT-35710;+
California Gold Nutrition, CoQ10, 100 mg, 120 Veggie Softgels;https://cloudinary.images-iherb.com/image/upload/f_auto,q_auto:eco/images/cgn/cgn00944/u/117.jpg;$14.60;CGN-00944;+
NOW Foods, C-1000, 100 Tablets;https://cloudinary.images-iherb.com/image/upload/f_auto,q_auto:eco/images/now/now00680/u/25.jpg;$8.87;NOW-00680;+
California Gold Nutrition, Cold Pressed Organic Virgin Coconut Oil, 54 fl oz (1.6 L);https://cloudinary.images-iherb.com/image/upload/f_auto,q_auto:eco/images/cgn/cgn01267/u/88.jpg;$19.00;CGN-01267;+
21st Century, B-Complex Plus Vitamin C, 100 Tablets;https://cloudinary.images-iherb.com/image/upload/f_auto,q_auto:eco/images/cen/cen22668/u/41.jpg;$6.24;CEN-22668;+
NOW Foods, Saw Palmetto Extract, Men's Health, 320 mg, 90 Veggie Softgels;https://cloudinary.images-iherb.com/image/upload/f_auto,q_auto:eco/images/now/now04756/u/16.jpg;$20.80;NOW-04756;+
Sports Research, Lutein + Zeaxanthin with Coconut Oil, 120 Veggie Softgels;https://cloudinary.images-iherb.com/image/upload/f_auto,q_auto:eco/images/sre/sre01210/u/29.jpg;$15.70;SRE-01210;+
Lake Avenue Nutrition, Biotin, 10,000 mcg, 120 Veggie Capsules;https://cloudinary.images-iherb.com/image/upload/f_auto,q_auto:eco/images/lkn/lkn01714/u/72.jpg;$6.00;LKN-01714;+
California Gold Nutrition, Zinc Picolinate, 50 mg, 120 Veggie Capsules;https://cloudinary.images-iherb.com/image/upload/f_auto,q_auto:eco/images/cgn/cgn01353/u/81.jpg;$7.65;CGN-01353;+
Natrol, Melatonin, Fast Dissolve, Extra Strength, Strawberry, 5 mg, 150 Tablets;https://cloudinary.images-iherb.com/image/upload/f_auto,q_auto:eco/images/ntl/ntl07144/u/24.jpg;$10.18;NTL-07144;+
NOW Foods, Lecithin, 1200 mg, 100 Softgels;https://cloudinary.images-iherb.com/image/upload/f_auto,q_auto:eco/images/now/now02210/u/11.jpg;$7.28;NOW-02210;+
California Gold Nutrition, Liposomal Vitamin C, Natural Orange Flavor, 1000 mg, 30 Packets, 0.2 oz (5.7 ml) Each;https://cloudinary.images-iherb.com/image/upload/f_auto,q_auto:eco/images/cgn/cgn01072/u/26.jpg;$36.00;CGN-01072;+
NOW Foods, Folic Acid, 800 mcg, 250 Tablets;https://cloudinary.images-iherb.com/image/upload/f_auto,q_auto:eco/images/now/now00476/u/31.jpg;$5.14;NOW-00476;+
California Gold Nutrition, Kid's Multivitamin Gummies, Mixed Berry and Fruit Flavor, 60 Gummies;https://cloudinary.images-iherb.com/image/upload/f_auto,q_auto:eco/images/cgn/cgn01200/u/44.jpg;$8.00;CGN-01200;-
NOW Foods, Magnesium Citrate, 120 Veg Capsules;https://cloudinary.images-iherb.com/image/upload/f_auto,q_auto:eco/images/now/now01294/u/36.jpg;$12.35;NOW-01294;+
Sundown Naturals, B-Complex, 100 Tablets;https://cloudinary.images-iherb.com/image/upload/f_auto,q_auto:eco/images/sdn/sdn00601/u/59.jpg;$5.46;SDN-00601;+
Natural Factors, BlueRich, Super Strength, Blueberry Concentrate, 500 mg, 90 Softgels;https://cloudinary.images-iherb.com/image/upload/f_auto,q_auto:eco/images/nfs/nfs04516/u/22.jpg;$8.45;NFS-04516;+
NOW Foods, L-Tyrosine, 500 mg, 120 Capsules;https://cloudinary.images-iherb.com/image/upload/f_auto,q_auto:eco/images/now/now00162/u/30.jpg;$10.18;NOW-00162;+
Life Extension, Zinc Caps, High Potency, 50 mg, 90 Vegetarian Capsules;https://cloudinary.images-iherb.com/image/upload/f_auto,q_auto:eco/images/lex/lex18139/u/77.jpg;$5.76;LEX-18139;+
NOW Foods, Vitamin D-3, High Potency, 1,000 IU, 180 Softgels;https://cloudinary.images-iherb.com/image/upload/f_auto,q_auto:eco/images/now/now00365/u/31.jpg;$4.23;NOW-00365;+
NOW Foods, Choline & Inositol, 100 Veg Capsules;https://cloudinary.images-iherb.com/image/upload/f_auto,q_auto:eco/images/now/now00470/u/31.jpg;$8.63;NOW-00470;+
Solgar, Skin, Nails & Hair, Advanced MSM Formula, 120 Tablets;https://cloudinary.images-iherb.com/image/upload/f_auto,q_auto:eco/images/sol/sol01736/u/63.jpg;$20.47;SOL-01736;+
Doctor's Best, Alpha-Lipoic Acid 600, 600 mg, 180 Veggie Caps;https://cloudinary.images-iherb.com/image/upload/f_auto,q_auto:eco/images/drb/drb00249/u/117.jpg;$29.08;DRB-00249;-
NOW Foods, Ultra Omega-3, 500 EPA / 250  DHA, 90 Enteric Coated Softgels;https://cloudinary.images-iherb.com/image/upload/f_auto,q_auto:eco/images/now/now01661/u/20.jpg;$16.50;NOW-01661;+
appliednutrition, Liquid Collagen, Skin Revitalization, Tropical Strawberry & Kiwi, 10 Liquid-Tubes, 10 ml Each;https://cloudinary.images-iherb.com/image/upload/f_auto,q_auto:eco/images/irw/irw57837/u/20.jpg;$12.42;IRW-57837;+
California Gold Nutrition, Hydrolyzed Marine Collagen Peptides, Unflavored,  7.05 oz (200 g);https://cloudinary.images-iherb.com/image/upload/f_auto,q_auto:eco/images/cgn/cgn01863/u/52.jpg;$11.05;CGN-01863;-
California Gold Nutrition, Omega 800 Pharmaceutical Grade Fish Oil, 80% EPA/DHA, Triglyceride Form, 1,000 mg, 30 Fish Gelatin Softgels;https://cloudinary.images-iherb.com/image/upload/f_auto,q_auto:eco/images/cgn/cgn01251/u/112.jpg;$4.50;CGN-01251;+
Natrol, Melatonin, Time Release, 3 mg, 100 Tablets;https://cloudinary.images-iherb.com/image/upload/f_auto,q_auto:eco/images/ntl/ntl00458/u/24.jpg;$6.05;NTL-00458;+
Solgar, Zinc Picolinate, 100 Tablets;https://cloudinary.images-iherb.com/image/upload/f_auto,q_auto:eco/images/sol/sol03725/u/59.jpg;$9.06;SOL-03725;+
Sambucol, Black Elderberry + Vitamin C & Zinc, 15 Effervescent Tablets;https://cloudinary.images-iherb.com/image/upload/f_auto,q_auto:eco/images/sbl/sbl00129/u/38.jpg;$8.47;SBL-00129;+
MRM, Vegan Vitamin D3 & K2, 60 Vegan Capsules;https://cloudinary.images-iherb.com/image/upload/f_auto,q_auto:eco/images/mrm/mrm23107/u/15.jpg;$8.98;MRM-23107;+
SunLipid, Liposomal Vitamin C, Naturally Flavored, 30 Packets, 0.17 oz (5.0 ml) Each;https://cloudinary.images-iherb.com/image/upload/f_auto,q_auto:eco/images/sld/sld47000/u/50.jpg;$14.93;SLD-47000;-
